,freq1,sig_all,amp_all,sig_sd,amp_sd
0,0.0,2.853956407806214e-10,1.9380657606468794e-08,3.170310597590251e-10,1.8623514717904425e-08
1,0.5,1.339382962738258e-10,9.43065808312704e-08,3.0921365650674816e-10,9.646386418341011e-08
2,1.0,8.078434540057204e-13,5.487975809534002e-08,2.703112427216851e-10,5.5965826950613606e-08
3,1.5,1.7541346112335476e-11,2.5213105419232915e-08,3.652875699344908e-10,2.7306602646108136e-08
4,2.0,2.7052169465031396e-10,1.594780800038405e-08,7.917616145279955e-10,1.7203208115213318e-08
5,2.5,2.189904351709087e-09,1.120756193823078e-08,2.889630170620247e-09,1.2494587123166493e-08
6,3.0,1.0810801607655164e-08,9.991021291519496e-09,1.1211665046333998e-08,1.1014961673228196e-08
7,3.5,3.172438126630995e-08,1.0916683851878298e-08,3.0291834486608667e-08,1.1126235298760302e-08
8,4.0,6.083632718205959e-08,1.272292508986566e-08,6.012374322091017e-08,1.3038155683910107e-08
9,4.5,8.912590791659928e-08,1.6838863581842266e-08,8.689570813658957e-08,1.7249202227550533e-08
10,5.0,8.124398967083893e-08,2.10671656823226e-08,8.820965886172428e-08,2.087184922847529e-08
11,5.5,5.5294473130986155e-08,2.314939622458146e-08,5.7313993511001266e-08,2.1323057482142473e-08
12,6.0,2.9036654944428726e-08,1.6404239730751635e-08,2.891764091811134e-08,1.5230985075413657e-08
13,6.5,3.1241120460892994e-08,7.931050211631391e-09,3.192217764437128e-08,7.531751287481195e-09
14,7.0,2.5059163683725156e-08,3.099866986781327e-09,2.701430902816462e-08,2.999161120580603e-09
15,7.5,1.203742418391307e-08,1.1621897867751522e-09,1.2931208035589476e-08,1.3021764318635932e-09
16,8.0,1.1819702756443353e-08,4.690794452093228e-10,1.3343172465614171e-08,6.538546416580673e-10
17,8.5,1.9839842796794768e-08,3.3027773544002546e-10,2.0867387781203603e-08,4.3285808636220785e-10
18,9.0,3.833430406382453e-08,3.157723607284415e-10,4.0577025526416e-08,3.3823199158368164e-10
19,9.5,1.4611608442465393e-07,3.2198666095917646e-10,1.5156524357602142e-07,3.2082814992210047e-10
20,10.0,2.2503774945419936e-07,3.46202534119286e-10,2.299386783680015e-07,3.1259719214134063e-10
21,10.5,6.572643867513272e-08,3.0958199482376046e-10,6.472466850321496e-08,2.9422678565243103e-10
22,11.0,3.6382444879787833e-09,3.1474792096874416e-10,3.6170399207101315e-09,2.907685793246233e-10
23,11.5,2.0997614647398464e-10,2.257937128677587e-10,2.51478474952795e-10,2.0582250400047146e-10
24,12.0,2.268735559786875e-11,1.5908161222991995e-10,3.883606696355619e-11,1.430555199179295e-10
25,12.5,2.5865757076311123e-12,1.0681272416335554e-10,1.5513264605851224e-11,1.0689888791010582e-10
26,13.0,6.112876723187137e-13,7.756857936157456e-11,1.1916037415580964e-11,7.712329120987213e-11
27,13.5,1.8295910319527814e-13,5.903529894349669e-11,1.1018283232412645e-11,5.6249317821334274e-11
28,14.0,7.277604219487762e-14,4.841444919037481e-11,9.918424100163836e-12,4.5725834330762384e-11
29,14.5,3.775849771529905e-14,4.0309980660910235e-11,9.27325113227745e-12,3.9901063335783054e-11
30,15.0,1.6895365761327145e-14,3.5637772502842576e-11,9.071939201048775e-12,3.492338145237962e-11
31,15.5,8.816467279014439e-15,3.337409528274198e-11,9.954550052393342e-12,3.271758566376755e-11
32,16.0,5.347167091169362e-15,3.1198732817759055e-11,9.348169306907577e-12,2.990803302827392e-11
33,16.5,3.3705898795266584e-15,2.8761469734746602e-11,8.901870619829953e-12,2.7680108060749397e-11
34,17.0,2.4832348420987927e-15,2.4934276672897778e-11,8.265885733936278e-12,2.466657344959966e-11
35,17.5,1.956696444875035e-15,2.000707434981415e-11,7.99612331515301e-12,1.8860153786657866e-11
36,18.0,1.975955364820508e-15,1.5633941921719258e-11,7.591944393687353e-12,1.5077773595117378e-11
37,18.5,2.447812096311568e-15,1.3964890081693645e-11,7.273832967616241e-12,1.3459449708945551e-11
38,19.0,3.910823879301279e-15,1.1891565018536228e-11,6.92541032234483e-12,1.1456169062910461e-11
39,19.5,1.3164712261203162e-14,9.934412984466299e-12,7.0097097660067275e-12,9.502673512879751e-12
40,20.0,2.7729470965766825e-14,8.655048639522548e-12,6.7523118906499294e-12,8.625068981534192e-12
41,20.5,8.826540624605364e-15,8.16641485795119e-12,5.744372351105643e-12,8.34333087234624e-12
42,21.0,1.0725140047750985e-15,7.50747667139952e-12,5.630498353178298e-12,7.571374304033743e-12
43,21.5,2.6442741268741127e-16,6.9083861949611655e-12,5.629086756906972e-12,6.885901134660451e-12
44,22.0,1.2180211352861552e-16,6.208061189049686e-12,5.38087322658899e-12,5.83308005941096e-12
45,22.5,7.143789225267129e-17,5.283895587855322e-12,5.295842237430834e-12,5.31323566253256e-12
46,23.0,5.464713864108366e-17,4.880475425875562e-12,5.064817785428924e-12,4.833652527116212e-12
47,23.5,4.2221508092321935e-17,4.301987543609002e-12,4.4701412242061006e-12,4.2593452169692606e-12
48,24.0,3.443627756307818e-17,3.8315330526541205e-12,4.4188310789906584e-12,4.145251702623653e-12
49,24.5,2.79328985458891e-17,3.27965496803317e-12,3.8763990929568634e-12,3.573551287279193e-12
50,25.0,2.304650967563211e-17,3.010274402197805e-12,3.687419312473913e-12,3.1063299916781177e-12
51,25.5,1.902818266815806e-17,2.505113792425174e-12,3.996064382874574e-12,2.646527683948778e-12
52,26.0,1.5947159789112966e-17,2.439035017586422e-12,3.90761848932982e-12,2.508054378716379e-12
53,26.5,1.3284789600833635e-17,2.3421192887596314e-12,3.5430347968487986e-12,2.25073887642276e-12
54,27.0,1.1305186655668479e-17,2.164951394161963e-12,3.478427314032782e-12,2.0304284484971382e-12
55,27.5,9.500158736884085e-18,1.992105056673698e-12,3.3796400236759746e-12,1.8946132621982528e-12
56,28.0,8.119967977346262e-18,1.8075829658637883e-12,3.3411506623519518e-12,1.851357272964688e-12
57,28.5,7.124128711843484e-18,1.6903405312743194e-12,3.5437910435651265e-12,1.7375146440646204e-12
58,29.0,6.040503922794183e-18,1.5727531275394145e-12,3.334233294598724e-12,1.7242677547927798e-12
59,29.5,5.490113945044291e-18,1.3617164678777325e-12,3.326506993771487e-12,1.6860381760662097e-12
60,30.0,5.2800348721896716e-18,1.2053793089960022e-12,3.1796957195505796e-12,1.53427622990877e-12
61,30.5,4.125708640694339e-18,1.0239403920202074e-12,2.8504266146326066e-12,1.3016320736527608e-12
62,31.0,3.427582580056252e-18,9.527581086022753e-13,2.677450936525235e-12,1.1820765730232207e-12
63,31.5,2.9408694198685286e-18,9.542318506152607e-13,2.739131051042658e-12,1.099593271702408e-12
64,32.0,2.5636296323567727e-18,9.00330928825744e-13,2.527016878757601e-12,9.593082482228052e-13
65,32.5,2.2554345476623335e-18,8.607120961836112e-13,2.5334604664124107e-12,8.570407682819041e-13
66,33.0,1.9888133402762604e-18,8.730357329400211e-13,2.3797406053434426e-12,8.715634486183567e-13
67,33.5,1.7555408903868948e-18,7.780536365093431e-13,2.2210832021888624e-12,8.111805337187383e-13
68,34.0,1.5578283629830645e-18,6.739118421217365e-13,2.2087607607121998e-12,8.051799574766588e-13
69,34.5,1.3977305607753976e-18,6.390320983691135e-13,2.0581884225398773e-12,7.575684682940018e-13
70,35.0,1.2265565693988297e-18,5.393503333939443e-13,2.0651129771527363e-12,6.306721680842537e-13
71,35.5,1.1030415957461995e-18,4.642122755504685e-13,2.17952158680115e-12,6.204339773391451e-13
72,36.0,9.846471097784426e-19,4.4497518666160266e-13,2.086759271888799e-12,6.204119273087895e-13
73,36.5,8.841845342748413e-19,4.521579656313096e-13,1.9072592093573882e-12,6.570590918071955e-13
74,37.0,7.926145147509913e-19,4.701163936211041e-13,1.8900975129139966e-12,6.227699193781154e-13
75,37.5,7.148537789012302e-19,4.5356190335177247e-13,1.7555189262567848e-12,6.174355791599413e-13
76,38.0,6.443029988136931e-19,4.21977434721714e-13,1.8138735752372295e-12,5.391248173719091e-13
77,38.5,5.826422497310609e-19,3.742804870312567e-13,1.8509508703144185e-12,4.730063702673311e-13
78,39.0,5.275304150318221e-19,3.45596686720987e-13,1.7703568925573572e-12,4.7416395681508e-13
79,39.5,4.782399608436704e-19,3.2566957311999575e-13,1.7327620402899747e-12,4.2961695962925485e-13
80,40.0,4.341703366098259e-19,2.7920309168613896e-13,1.6943423339682776e-12,4.0090074047424135e-13
81,40.5,3.9574207975797153e-19,2.478751524517785e-13,1.5631684334577152e-12,3.8462539357626906e-13
82,41.0,3.5991806327853855e-19,2.337586234868037e-13,1.6126925399803745e-12,3.4843933871657563e-13
83,41.5,3.283634745687125e-19,2.1870571736270448e-13,1.5962583428265322e-12,3.215181897195428e-13
84,42.0,3.0038199798739626e-19,2.451996049639307e-13,1.5000753957154114e-12,3.2728619855063526e-13
85,42.5,2.747333612022803e-19,2.5461430654951105e-13,1.5130663918726357e-12,3.653540347474931e-13
86,43.0,2.517385799619045e-19,2.3427650793313245e-13,1.4055266607658607e-12,3.5537829893101474e-13
87,43.5,2.310353098799263e-19,1.9549997876391318e-13,1.2980347544147104e-12,3.3185125807060657e-13
88,44.0,2.1226966809071437e-19,1.8684791155059127e-13,1.2309539689716064e-12,2.886527154560296e-13
89,44.5,1.9530568994101632e-19,1.8209629538253907e-13,1.2218315907488825e-12,2.71584718542393e-13
90,45.0,1.7984701159696804e-19,1.604439952372878e-13,1.2377194482486864e-12,2.869611288750427e-13
91,45.5,1.6587978359910584e-19,1.452911906063381e-13,1.2967105785525014e-12,2.520427709812506e-13
92,46.0,1.530661626420025e-19,1.360057923021007e-13,1.2253580627608257e-12,2.533744499290057e-13
93,46.5,1.41535049423964e-19,1.399507671655441e-13,1.1842608235265328e-12,2.5869026774136647e-13
94,47.0,1.309137733315522e-19,1.2609955328949932e-13,1.1781547167070936e-12,2.3114422396462804e-13
95,47.5,1.212911422583003e-19,1.2242929611432883e-13,1.1638279041360296e-12,2.283524641896164e-13
96,48.0,1.124181999773085e-19,1.3363946998961781e-13,1.188497854467402e-12,2.0771403612854968e-13
97,48.5,1.0433605973474776e-19,1.2432052158888115e-13,1.2356190989663262e-12,1.937809771185712e-13
98,49.0,9.693915575712668e-20,1.0956008282991193e-13,1.203772666576756e-12,2.0122128103326233e-13
99,49.5,9.010394421769551e-20,1.0569672132931655e-13,1.134439325787464e-12,1.9333160798106535e-13
100,50.0,8.394520707889619e-20,1.0360852589876178e-13,1.0684450206564808e-12,2.0049645749220594e-13
101,50.5,7.811569896855674e-20,9.63707925399573e-14,1.0171963250235028e-12,1.9197482043889858e-13
102,51.0,7.285924111984884e-20,8.40045227237339e-14,1.0546225789064294e-12,1.7410071782043695e-13
103,51.5,6.79865929367338e-20,7.915216494019814e-14,1.005827000794703e-12,1.6018457058214805e-13
104,52.0,6.349876022634256e-20,7.952821462948471e-14,9.804872424551182e-13,1.5801483632990084e-13
105,52.5,5.934119814801027e-20,7.237417880195194e-14,9.685163419535753e-13,1.599931800669803e-13
106,53.0,5.551156200096059e-20,7.409710225996789e-14,9.508317224503592e-13,1.701940093254474e-13
107,53.5,5.1977835854070825e-20,7.134656219087933e-14,8.959794494870726e-13,1.62057654539632e-13
108,54.0,4.8683923800361764e-20,6.95935441123782e-14,8.683580785386926e-13,1.4315860508467016e-13
109,54.5,4.5656782462299406e-20,6.565543456229505e-14,8.751499743726386e-13,1.4795936904995826e-13
110,55.0,4.283160038592321e-20,6.163035091952896e-14,8.97396841319545e-13,1.3718095222861091e-13
111,55.5,4.021416962988374e-20,6.225123286597033e-14,8.832356942745241e-13,1.330362126106127e-13
112,56.0,3.7787667509450085e-20,5.787263445696128e-14,8.253789438808905e-13,1.3812501170002485e-13
113,56.5,3.552825304003023e-20,5.075114368227514e-14,7.918300324058005e-13,1.2629203113262875e-13
114,57.0,3.342230952535058e-20,5.041446730239762e-14,7.82906313682277e-13,1.2074735469537778e-13
115,57.5,3.147102071004585e-20,4.978089475213674e-14,7.671653825036947e-13,1.2320866801280262e-13
116,58.0,2.9642877301113156e-20,4.654066935826117e-14,7.676334606466105e-13,1.134917766718608e-13
117,58.5,2.7945604879733087e-20,4.1457442963399865e-14,8.22404210285962e-13,1.1535560280474202e-13
118,59.0,2.6357934508258255e-20,4.171526246476356e-14,8.011100970808922e-13,1.2306528613605268e-13
119,59.5,2.4872525338412434e-20,4.5139281502669566e-14,7.667800567233539e-13,1.1910609433455853e-13
120,60.0,2.3491552473310127e-20,4.310205996016612e-14,7.216976114240534e-13,1.1743013513530092e-13
121,60.5,2.219557445064434e-20,3.9835237419608195e-14,7.364540890428029e-13,1.1474721278373156e-13
122,61.0,2.0982681369164344e-20,3.54501588816983e-14,7.552158331383151e-13,9.982620338530673e-14
123,61.5,1.984930412225994e-20,3.4686122643638055e-14,7.342022492696714e-13,9.449021505177596e-14
124,62.0,1.8784206802965872e-20,3.249590160068383e-14,6.909345746765245e-13,9.616464680075944e-14
125,62.5,1.7788690509237033e-20,3.148040947522477e-14,6.640205659727248e-13,9.519488883701378e-14
126,63.0,1.6853390170730744e-20,3.30996045510112e-14,6.588626859027866e-13,1.0325170942284986e-13
127,63.5,1.5975004676615675e-20,3.203630232554011e-14,6.102653399955813e-13,1.022723008738907e-13
128,64.0,1.515041062439913e-20,2.8191490765027948e-14,5.864595537859877e-13,8.740177053739926e-14
129,64.5,1.4375763994383307e-20,2.668944006702671e-14,5.923821539619541e-13,8.366238241958632e-14
130,65.0,1.3646919425963634e-20,2.6975547243611143e-14,6.192237001524819e-13,8.556843171522927e-14
131,65.5,1.2961083714584749e-20,2.6550349605724907e-14,6.172434100479156e-13,8.37799282655152e-14
132,66.0,1.2315549189185951e-20,2.577887242481895e-14,6.036549696822161e-13,8.812197960254757e-14
133,66.5,1.1707572385876611e-20,2.5108321573643872e-14,5.766631889922238e-13,8.706221534844954e-14
134,67.0,1.1134426571128073e-20,2.2343161714793497e-14,6.043756094661491e-13,8.535666474905377e-14
135,67.5,1.0594182452948104e-20,2.034292081686723e-14,5.968072608364646e-13,7.89830637256506e-14
136,68.0,1.0084162418585359e-20,2.0163799143769878e-14,6.010809005390269e-13,7.411535451995016e-14
137,68.5,9.603021375396503e-21,1.9949537705234342e-14,6.186786203925155e-13,7.143856165817463e-14
138,69.0,9.149280556510187e-21,2.0471450004733097e-14,5.984456373362128e-13,7.273333541314711e-14
139,69.5,8.71907765213402e-21,2.0087853357138358e-14,5.451450572196394e-13,7.333794538973588e-14
140,70.0,8.313768383503517e-21,1.840780105042827e-14,5.240921995904815e-13,7.25754354195454e-14
141,70.5,7.929802172109319e-21,1.875317945723073e-14,5.374868703287069e-13,7.331935858710865e-14
142,71.0,7.566750646546773e-21,1.9475909659854702e-14,5.487497944718112e-13,6.769933251761175e-14
143,71.5,7.222974397443727e-21,1.9222384073783725e-14,5.592462376364082e-13,6.551403638110019e-14
144,72.0,6.897407288274006e-21,1.658022415497177e-14,5.103070321097926e-13,6.704511910061428e-14
145,72.5,6.589155350644877e-21,1.4681045181742415e-14,5.021592329378164e-13,6.620147461138334e-14
146,73.0,6.2966424404455455e-21,1.3186461460038648e-14,5.081188476343051e-13,6.916573363072492e-14
147,73.5,6.0195178653384395e-21,1.164467771731435e-14,4.850247595326666e-13,6.43408874354609e-14
148,74.0,5.7565485742228824e-21,1.2788665617956691e-14,4.686877267026943e-13,6.079012670513093e-14
149,74.5,5.507003317042924e-21,1.36531560765971e-14,4.897408644798918e-13,6.20836393905137e-14
150,75.0,5.2700514906560864e-21,1.4187176310101917e-14,4.737816467854449e-13,5.790133741994762e-14
151,75.5,5.04501917414512e-21,1.45398081362439e-14,4.774378018097334e-13,5.884483924247886e-14
152,76.0,4.831150961498032e-21,1.3898851662823713e-14,4.4681715736286154e-13,6.074746186652507e-14
153,76.5,4.6278679816171506e-21,1.3088012746963519e-14,4.2535395999725213e-13,5.947758608621429e-14
154,77.0,4.434655675158238e-21,1.2351083606960383e-14,4.3982502350008397e-13,5.6088524099468947e-14
155,77.5,4.250687274610726e-21,1.138540964213409e-14,4.3888376627029433e-13,5.285696794508413e-14
156,78.0,4.075831426413819e-21,1.0388498118623893e-14,4.4874467944320156e-13,5.086485241747898e-14
157,78.5,3.909158443630976e-21,8.92076631004074e-15,4.623785020292844e-13,5.190302568333738e-14
158,79.0,3.7505757684783975e-21,8.422349315832888e-15,4.434518683173178e-13,5.586383991297509e-14
159,79.5,3.599442104639895e-21,9.224692481711547e-15,4.1352413000949197e-13,5.630343378589e-14
160,80.0,3.4554274574691516e-21,9.90846328791857e-15,4.3072343313204144e-13,5.6233100679143954e-14
161,80.5,3.318109466689409e-21,9.686038335984811e-15,4.176552825007844e-13,5.4642814701010104e-14
162,81.0,3.1872127369824254e-21,9.592741219801995e-15,4.29289847991336e-13,5.0721948657384645e-14
163,81.5,3.0623036866745356e-21,9.593535042623998e-15,4.2333453730163964e-13,4.7598944565974714e-14
164,82.0,2.943124872121851e-21,9.291916096943801e-15,3.836885688041666e-13,5.057847387161644e-14
165,82.5,2.8293142943666367e-21,8.681977235124191e-15,3.693597916900483e-13,5.027461863144088e-14
166,83.0,2.7206831983002792e-21,8.302465133528469e-15,3.703996889715141e-13,4.758802660491702e-14
167,83.5,2.616919523207221e-21,7.713027268818033e-15,3.476638149102773e-13,4.804417635377873e-14
168,84.0,2.5177268249054612e-21,7.148105205345999e-15,3.721383241985581e-13,4.3090669778917524e-14
169,84.5,2.4229711911049244e-21,6.751619356786686e-15,3.7799906637563785e-13,4.0331375164481155e-14
170,85.0,2.3323567431402294e-21,6.653334298618701e-15,3.5382951489824246e-13,4.2043116346401386e-14
171,85.5,2.245699658892265e-21,6.242378167426371e-15,3.6615802549290685e-13,4.3682255069394416e-14
172,86.0,2.1627739368408694e-21,6.401484416430203e-15,3.560840024927033e-13,4.5439321251037605e-14
173,86.5,2.0834633565328862e-21,6.946647058016195e-15,3.527655348311845e-13,4.474836152546682e-14
174,87.0,2.0075234827543073e-21,7.1382892638547e-15,3.6247375986270034e-13,4.4256521884557445e-14
175,87.5,1.934800041340076e-21,6.633390931734026e-15,3.628215232791327e-13,4.299837810280019e-14
176,88.0,1.865179385184436e-21,6.330279462716729e-15,3.6017736084567344e-13,4.250090254867046e-14
177,88.5,1.7984538626176396e-21,6.132428230184788e-15,3.747445214886087e-13,4.24314244875922e-14
178,89.0,1.7345457714207558e-21,5.9157727141551566e-15,3.369325520489686e-13,4.242356696596349e-14
179,89.5,1.6732478240897636e-21,5.107162485193081e-15,3.183399706898435e-13,4.3213878695239e-14
180,90.0,1.6145048553077377e-21,4.9091777474637856e-15,3.3275492601342634e-13,3.949236388142492e-14
181,90.5,1.558154966835789e-21,4.8337467874566516e-15,3.3723561481078667e-13,3.64974541686645e-14
182,91.0,1.5041218929808118e-21,4.667196128256164e-15,3.4190761298700833e-13,3.628958581387462e-14
183,91.5,1.4522321848051362e-21,4.480460528223323e-15,3.43553928287632e-13,3.502748635309945e-14
184,92.0,1.4024687055647696e-21,5.0573744017094414e-15,3.180779451082317e-13,3.6691604832995433e-14
185,92.5,1.3546800832136639e-21,5.412747260554407e-15,3.10726963501e-13,3.665118483760862e-14
186,93.0,1.3087990456389286e-21,5.1908226496653444e-15,3.056507010452721e-13,3.737328793631244e-14
187,93.5,1.2647176195929334e-21,4.479903111123757e-15,2.9558973198286587e-13,3.7533074396283305e-14
188,94.0,1.2223789839522356e-21,4.256922885516893e-15,3.226423337918881e-13,3.3232762981222096e-14
189,94.5,1.1816837146778077e-21,4.31746118144736e-15,3.1175837511562893e-13,3.5050624972952314e-14
190,95.0,1.1425846619850609e-21,4.13699115155561e-15,2.8643671696098334e-13,3.6661216290790286e-14
191,95.5,1.1049847692722263e-21,3.732345180842474e-15,2.785305420292008e-13,3.577406935983498e-14
192,96.0,1.0688213469993599e-21,3.667786161576314e-15,2.802978063334535e-13,3.6656618507059994e-14
193,96.5,1.0340487495276192e-21,3.675900681032725e-15,2.8416706431560294e-13,3.5139471514281714e-14
194,97.0,1.0005974480779236e-21,3.5412176676120565e-15,2.9233699223324164e-13,3.2575833899019055e-14
195,97.5,9.683985087430429e-22,3.453698410953581e-15,2.828878243710095e-13,3.210381196656009e-14
196,98.0,9.37421850357806e-22,3.7187478105484945e-15,2.964743678123638e-13,3.114840683098822e-14
197,98.5,9.075822387043643e-22,3.86950689081682e-15,3.064632495345145e-13,3.1092203786410796e-14
198,99.0,8.788689361232304e-22,3.522961781179103e-15,2.762191351553619e-13,3.3637764158580304e-14
199,99.5,8.512056721204792e-22,3.2850691166511546e-15,2.6697198583980545e-13,3.3064021471256255e-14
200,100.0,8.245596548928202e-22,3.389172930389798e-15,2.768468399155972e-13,2.911510831728012e-14
201,100.5,7.988889612378642e-22,3.249379731990977e-15,2.752914998978796e-13,3.025680720868509e-14
202,101.0,7.741449356790619e-22,2.8136130669095374e-15,2.7390329116716333e-13,3.054642397731345e-14
203,101.5,7.503005190355615e-22,2.7577395002506817e-15,2.6418934098413283e-13,3.0127295119058e-14
204,102.0,7.273097958523566e-22,2.787610580942222e-15,2.3719246556103066e-13,3.290547209294532e-14
205,102.5,7.051403100081082e-22,2.679385270905333e-15,2.4498700014311687e-13,3.161926313792692e-14
206,103.0,6.837614543334274e-22,2.4734997694611205e-15,2.4069227139469645e-13,2.92060830899741e-14
207,103.5,6.631354866927304e-22,2.692145235802397e-15,2.388284651539094e-13,3.011389003663192e-14
208,104.0,6.432371853449969e-22,2.9529699124320735e-15,2.5565388180552014e-13,2.7954873634534882e-14
209,104.5,6.240337876294913e-22,2.8563224570429855e-15,2.5484850864507396e-13,2.7077103754356023e-14
210,105.0,6.055008840387065e-22,2.615825397932234e-15,2.3692725990668267e-13,2.885306591827097e-14
211,105.5,5.876082196615346e-22,2.4716652038364182e-15,2.3412903205268415e-13,2.866167382900536e-14
212,106.0,5.703333161893418e-22,2.426470229503488e-15,2.404391213207124e-13,2.8510524535154166e-14
213,106.5,5.536482433533963e-22,2.132786391811876e-15,2.445838809138364e-13,2.6509764784252412e-14
214,107.0,5.37536925106127e-22,2.101473666751138e-15,2.4691630965896086e-13,2.4763292348354536e-14
215,107.5,5.219663709700632e-22,2.3220066715125625e-15,2.3763173611047335e-13,2.561745454330731e-14
216,108.0,5.069276532030569e-22,2.2105836736711108e-15,2.4047857665812785e-13,2.7003682641221843e-14
217,108.5,4.923892672626449e-22,2.107501554442689e-15,2.3499872346211244e-13,2.7482373787000896e-14
218,109.0,4.783394415697763e-22,2.0196372285044837e-15,2.2569211796601573e-13,2.7899950889087257e-14
219,109.5,4.647581623918073e-22,2.118593634550101e-15,2.1898102543538953e-13,2.694976120229083e-14
220,110.0,4.516231969182562e-22,2.1096174886503294e-15,2.2991975285285667e-13,2.556424205151359e-14
221,110.5,4.389244386656479e-22,1.927965261889814e-15,2.344479036361767e-13,2.4982929619009586e-14
222,111.0,4.266388711848982e-22,1.9543802673147316e-15,2.3835421160198695e-13,2.398490736463771e-14
223,111.5,4.1475650220961767e-22,1.878395657404927e-15,2.2390689973578797e-13,2.587484757882529e-14
224,112.0,4.032600257154043e-22,1.6997920812859955e-15,2.1691764258733573e-13,2.6044317564700375e-14
225,112.5,3.9213323122654033e-22,1.7365551314621808e-15,2.1515979315996157e-13,2.3597836856287605e-14
226,113.0,3.8136533652546683e-22,1.8461732952760457e-15,2.0749961353563424e-13,2.3615105063961333e-14
227,113.5,3.7094281813588686e-22,1.8512692059986983e-15,2.1263265412905988e-13,2.3163513782703465e-14
228,114.0,3.6085102005086677e-22,1.6350926904141715e-15,2.1641078640343031e-13,2.1267118337013428e-14
229,114.5,3.5108042625634083e-22,1.4921911197623206e-15,2.0822529343884882e-13,2.240563695617069e-14
230,115.0,3.416175481445177e-22,1.5682533619918333e-15,1.943051096006558e-13,2.418207722358092e-14
231,115.5,3.324519707067136e-22,1.5773317991690189e-15,1.9583261046943954e-13,2.3054343869442644e-14
232,116.0,3.235734699565166e-22,1.554801836026668e-15,1.9700372064853033e-13,2.3139421818227265e-14
233,116.5,3.149709578312353e-22,1.4577052993062109e-15,2.0454377167699014e-13,2.342394102327195e-14
234,117.0,3.066347738598341e-22,1.5205357996010914e-15,2.0788008525332222e-13,2.1721933499400374e-14
235,117.5,2.9855668155286355e-22,1.5241741898167564e-15,2.0791898552168022e-13,2.3652044957964212e-14
236,118.0,2.907256836784035e-22,1.307330308347704e-15,2.0126398465592336e-13,2.3564028012008284e-14
237,118.5,2.831343300322979e-22,1.3246406946381444e-15,2.0482348364888138e-13,2.1824287129115423e-14
238,119.0,2.757744108515932e-22,1.4214516159396144e-15,1.959213803612602e-13,2.3849262531960855e-14
239,119.5,2.686366409369139e-22,1.4295067695636284e-15,1.946168956326932e-13,2.2122297247449555e-14
240,120.0,2.6171471414718396e-22,1.3196261979529708e-15,1.9732129171742162e-13,1.9711732724694085e-14
241,120.5,2.550008658788156e-22,1.2281036450379134e-15,1.8964577677212497e-13,1.9793388844429437e-14
242,121.0,2.484870440583565e-22,1.2228612356572571e-15,1.8582403513124638e-13,2.036265381596582e-14
243,121.5,2.4216749851345894e-22,1.177589490680078e-15,1.80829628470716e-13,2.1007069791421085e-14
244,122.0,2.360352799864275e-22,1.1834656266952328e-15,1.7458700993704253e-13,2.1081853305963433e-14
245,122.5,2.300837537145876e-22,1.1934644155870526e-15,1.6567985780143267e-13,2.0347380353649135e-14
246,123.0,2.243072770343827e-22,1.1229029796601982e-15,1.7668463266212048e-13,1.9851019483040407e-14
247,123.5,2.186997386318776e-22,1.1409419784867636e-15,1.8298451748490715e-13,2.0203230087210183e-14
248,124.0,2.1325528084000267e-22,1.0803941735397357e-15,1.8546312228094256e-13,2.0647900382584152e-14
249,124.5,2.0796893503204936e-22,1.1148980104736877e-15,1.7623559647434363e-13,2.069240447297062e-14
250,125.0,2.02835427078881e-22,1.1372696383857513e-15,1.686692363557172e-13,2.119099079206913e-14
251,125.5,1.9784924553183941e-22,1.0658391489438061e-15,1.6944121656936003e-13,2.0240054609250395e-14
252,126.0,1.9300583988363606e-22,1.0104379252417544e-15,1.7938541421358868e-13,1.9337587571694353e-14
253,126.5,1.8830085231472984e-22,9.43326831067766e-16,1.742898113392396e-13,1.8803361729985868e-14
254,127.0,1.837290184206384e-22,8.956653207292925e-16,1.7309641463155933e-13,1.7790368517860776e-14
255,127.5,1.7928694664121331e-22,9.418062753428741e-16,1.7115569149907375e-13,1.8155967807766243e-14
256,128.0,1.7496967111995067e-22,9.448466320336223e-16,1.654273264777154e-13,1.8179904757066002e-14
257,128.5,1.7077364171650336e-22,9.316754297939277e-16,1.6588289436478932e-13,1.8701442643213836e-14
258,129.0,1.666944677035748e-22,9.262761386110475e-16,1.6261027984021606e-13,1.902378715692352e-14
259,129.5,1.6272928760682412e-22,9.216312598511287e-16,1.7044690682563832e-13,1.7641705322743633e-14
260,130.0,1.5887363667377262e-22,8.90887786734257e-16,1.726647617177448e-13,1.7578848421050512e-14
261,130.5,1.5512436805482666e-22,8.468965208933225e-16,1.7005871086998888e-13,1.8657541663716867e-14
262,131.0,1.5147834797114567e-22,8.817976985877728e-16,1.662572803356485e-13,1.861424680319752e-14
263,131.5,1.479318003470855e-22,8.63849735480406e-16,1.67918859367116e-13,1.9436311337073003e-14
264,132.0,1.4448213929364425e-22,7.767604015265007e-16,1.5545760894428572e-13,1.9154666919181183e-14
265,132.5,1.4112608322825768e-22,7.324197541179648e-16,1.5201679985311767e-13,1.7231204782296652e-14
266,133.0,1.378609174651934e-22,7.362740780197738e-16,1.5612487316216077e-13,1.67537093317023e-14
267,133.5,1.346834941337448e-22,7.763777336796713e-16,1.6007182633289658e-13,1.6473347007480993e-14
268,134.0,1.315916112622944e-22,7.391830176654286e-16,1.5825888649868165e-13,1.5911699983305405e-14
269,134.5,1.2858203670883325e-22,7.432660071047961e-16,1.4853376189959918e-13,1.6375013465177153e-14
270,135.0,1.2565278993621104e-22,7.959482009494403e-16,1.364807562382996e-13,1.6966222687009295e-14
271,135.5,1.2280129167391208e-22,7.398253129373079e-16,1.4842863887823025e-13,1.6288395632014192e-14
272,136.0,1.2002487336020974e-22,6.891507808098348e-16,1.5692506404691208e-13,1.6335070960746007e-14
273,136.5,1.173217286883757e-22,6.541130372676874e-16,1.5057388518699294e-13,1.6147045981961854e-14
274,137.0,1.1468936233445407e-22,6.952623466404837e-16,1.5845949490768236e-13,1.5773057005294784e-14
275,137.5,1.121258344018728e-22,6.932219627624739e-16,1.5562625308058662e-13,1.70399212273877e-14
276,138.0,1.096288413806275e-22,6.019931622632556e-16,1.4857423610596226e-13,1.80896047223062e-14
277,138.5,1.0719666669196298e-22,5.725131730461929e-16,1.4753275946377536e-13,1.6770330308349094e-14
278,139.0,1.0482729014650374e-22,5.996455541797984e-16,1.4537594338292463e-13,1.6664894845633247e-14
279,139.5,1.0251878211664518e-22,6.090260183746356e-16,1.4474419686285116e-13,1.641297551498208e-14
280,140.0,1.0026957396140992e-22,6.241133724888178e-16,1.5100343253947948e-13,1.4685079231071187e-14
281,140.5,9.807761186851385e-23,6.326720749336773e-16,1.3831231397973164e-13,1.456742991078517e-14
282,141.0,9.594152594146317e-23,6.286867275038345e-16,1.315716930551745e-13,1.501059380625424e-14
283,141.5,9.385952246305352e-23,5.714065230387059e-16,1.3722021924322903e-13,1.5275143518046234e-14
284,142.0,9.183008271298904e-23,5.375208297404827e-16,1.3098696450309272e-13,1.5680538816905908e-14
285,142.5,8.985175599014218e-23,5.804080044245832e-16,1.3015574077987848e-13,1.4967223110469288e-14
286,143.0,8.792291586660691e-23,5.555170880820683e-16,1.3803023133995415e-13,1.4215245019498804e-14
287,143.5,8.604229252036864e-23,5.057718298688673e-16,1.3922346126103896e-13,1.4815667075937017e-14
288,144.0,8.420850029237639e-23,4.711389355097645e-16,1.385682163242062e-13,1.54258922479629e-14
289,144.5,8.242009375466541e-23,5.014096185801924e-16,1.3176346078764156e-13,1.602052319635242e-14
290,145.0,8.06759372849799e-23,5.098769747368512e-16,1.2189747648396908e-13,1.5821306110538097e-14
291,145.5,7.897459090839657e-23,4.845983655694887e-16,1.345492850415977e-13,1.531991499007334e-14
292,146.0,7.73151203566944e-23,5.296256027016558e-16,1.3499559455571268e-13,1.430297296969383e-14
293,146.5,7.569612874302601e-23,5.558743434091897e-16,1.3204360115960654e-13,1.3800762001825912e-14
294,147.0,7.411654412423921e-23,4.961780371411245e-16,1.3287236004022443e-13,1.3948960444916709e-14
295,147.5,7.257533607253368e-23,4.306790315534733e-16,1.2717634855919085e-13,1.3907338254590691e-14
296,148.0,7.107134965659663e-23,4.44900316326344e-16,1.2260962566211434e-13,1.3869182841667635e-14
297,148.5,6.960363151548229e-23,4.636944981544372e-16,1.2650206308772293e-13,1.3807920069448533e-14
298,149.0,6.817114539947693e-23,4.0979999788707336e-16,1.2649611742367117e-13,1.3892676834907085e-14
299,149.5,6.677299988992585e-23,3.9160564505397506e-16,1.339858430025773e-13,1.3284270752494658e-14
300,150.0,6.540792710349826e-23,4.2354953233647913e-16,1.390635081093543e-13,1.2753581061593168e-14
301,150.5,6.407568345137807e-23,4.2678514131875763e-16,1.2508543324627713e-13,1.4095287049003543e-14
302,151.0,6.277473813619832e-23,3.9973251548521674e-16,1.2412387680002834e-13,1.4597616543406275e-14
303,151.5,6.150452317134762e-23,4.0918829218963235e-16,1.2534928332915452e-13,1.4498638530549993e-14
304,152.0,6.026423830958267e-23,4.577540291667967e-16,1.189977448081922e-13,1.486570013211158e-14
305,152.5,5.905296277881887e-23,4.558581354727226e-16,1.1906546976697108e-13,1.3079447805252581e-14
306,153.0,5.787000667966605e-23,3.797834770683388e-16,1.2317190206032655e-13,1.2415255946366068e-14
307,153.5,5.6714620734419e-23,3.4485243493325456e-16,1.1633752340774666e-13,1.2976421665334119e-14
308,154.0,5.55859747968839e-23,3.613825551871032e-16,1.198886562729084e-13,1.2587159726639637e-14
309,154.5,5.448347993039738e-23,3.566618175371778e-16,1.1243325321631751e-13,1.293455979247489e-14
310,155.0,5.340635805315654e-23,3.320222194136904e-16,1.0862613389360873e-13,1.2971226597637788e-14
311,155.5,5.235399873685406e-23,3.544610096841758e-16,1.1929255517321723e-13,1.1809770276169586e-14
312,156.0,5.132572643537219e-23,3.649849624995582e-16,1.2219634068593034e-13,1.1778993730007289e-14
313,156.5,5.032090834624523e-23,3.4085636021954215e-16,1.2252504301011436e-13,1.2450705791104515e-14
314,157.0,4.9338941653419204e-23,3.283266242993307e-16,1.240490144094896e-13,1.2299288257329689e-14
315,157.5,4.8379225768669265e-23,3.6091140210539306e-16,1.1818707827461814e-13,1.2998687166535914e-14
316,158.0,4.744121333499111e-23,3.901799824768636e-16,1.1288820389024767e-13,1.3763988127009884e-14
317,158.5,4.6524307360412475e-23,3.459170944057914e-16,1.1654127670884057e-13,1.2876617532373534e-14
318,159.0,4.5627980177043785e-23,3.0639169475389016e-16,1.1455573376950057e-13,1.2221426064450305e-14
319,159.5,4.475170644603984e-23,2.9757698075037864e-16,1.1609219116169041e-13,1.2476973820278275e-14
320,160.0,4.389498410062521e-23,3.0194579170783926e-16,1.127539055844222e-13,1.2047544608202131e-14
321,160.5,4.305729052074421e-23,2.848335917220925e-16,1.0616419657640816e-13,1.2242893040647279e-14
322,161.0,4.223817400948344e-23,2.691249364542896e-16,1.0368731747177404e-13,1.2243359594738641e-14
323,161.5,4.143712527513502e-23,2.9076264125665536e-16,1.0637291472383637e-13,1.1799397067420967e-14
324,162.0,4.0653726826376267e-23,2.9986726367897203e-16,1.0359223452347587e-13,1.1961546156576343e-14
325,162.5,3.988752632640433e-23,2.760647647956396e-16,1.0861264586413268e-13,1.1286494749665889e-14
326,163.0,3.9138070649949417e-23,2.897441646856282e-16,1.0966832654064557e-13,1.0781747860014736e-14
327,163.5,3.840497379210267e-23,3.133974248114725e-16,1.0497336059844992e-13,1.1809307085635992e-14
328,164.0,3.7687795938351537e-23,3.1101096180409523e-16,1.0435085192857854e-13,1.2300501642579532e-14
329,164.5,3.698617429319242e-23,2.7783874517793056e-16,9.974068032411962e-14,1.245575387356408e-14
330,165.0,3.6299706000860334e-23,2.548731287139519e-16,1.0267925291144146e-13,1.1834306060744123e-14
331,165.5,3.5628015456653655e-23,2.4745269847018987e-16,1.058323861109818e-13,1.0912002668495089e-14
332,166.0,3.4970749961621894e-23,2.2401787740855833e-16,1.051354833863305e-13,1.1324342963374171e-14
333,166.5,3.432754178237874e-23,2.3213762933021227e-16,1.0439513957892832e-13,1.1103394676339229e-14
334,167.0,3.369807793416149e-23,2.5337414901005155e-16,1.0573058161572862e-13,1.1177182244484933e-14
335,167.5,3.308198296641997e-23,2.5730207716157377e-16,9.762912662054703e-14,1.207298200989809e-14
336,168.0,3.247895543021175e-23,2.5144318930118606e-16,1.0010506505038816e-13,1.1400790012076644e-14
337,168.5,3.1888681291938586e-23,2.3925208840920495e-16,1.0446344608974091e-13,1.0322408760558016e-14
338,169.0,3.131085194678719e-23,2.481101297769313e-16,1.080395484839211e-13,1.0476142492955931e-14
339,169.5,3.074514647287608e-23,2.433652335243736e-16,1.0684063882899954e-13,1.0519553005428241e-14
340,170.0,3.0191311029840396e-23,2.4171671898810826e-16,1.035986860200551e-13,1.0517027934025542e-14
341,170.5,2.964903399591223e-23,2.3839843292856434e-16,9.792573691695247e-14,1.124399352520407e-14
342,171.0,2.911804550809754e-23,2.155145297556392e-16,9.826793303740137e-14,1.105196330139222e-14
343,171.5,2.8598088391201366e-23,1.9867900536314017e-16,9.77994367997304e-14,1.0685899820598819e-14
344,172.0,2.8088883504412347e-23,1.9502314252410699e-16,9.310723931084586e-14,1.1066150109794097e-14
345,172.5,2.75901962172427e-23,2.0828626983433732e-16,9.734270798372012e-14,1.0123563235327796e-14
346,173.0,2.710176486493278e-23,2.2154879586712253e-16,9.67800462058311e-14,9.695219194493189e-15
347,173.5,2.6623356385598004e-23,2.0751366968524065e-16,9.257188815002754e-14,1.1026277808049465e-14
348,174.0,2.6154728169116227e-23,2.0205769513346182e-16,8.796838908622504e-14,1.0867574403096721e-14
349,174.5,2.5695660320987453e-23,2.027900780183237e-16,9.15099388697268e-14,1.0523388791258976e-14
350,175.0,2.524593161644859e-23,2.024364765136277e-16,9.575485720226073e-14,1.0501080467873575e-14
351,175.5,2.4805313105157885e-23,2.070553903618325e-16,9.899957652013637e-14,9.575916752064123e-15
352,176.0,2.4373605894533244e-23,1.9918789185885939e-16,9.679655162728761e-14,9.795339276130113e-15
353,176.5,2.3950601274611007e-23,1.9204370588446413e-16,9.80820905955309e-14,1.0359057295284673e-14
354,177.0,2.353609876017652e-23,1.7743438211371148e-16,9.73455788760854e-14,1.0109020149178118e-14
355,177.5,2.3129900655476455e-23,1.683132936297149e-16,9.556058690525917e-14,1.0159146578597745e-14
356,178.0,2.2731821444004025e-23,1.7339254203887168e-16,9.157584404705321e-14,1.0091150741515656e-14
357,178.5,2.2341676722000844e-23,1.698127546976034e-16,9.362241570886706e-14,9.582139619357112e-15
358,179.0,2.195927789388505e-23,1.867312335512104e-16,9.710359850820485e-14,9.388139746786916e-15
359,179.5,2.158446370879228e-23,1.8890917728352564e-16,9.316120775081796e-14,9.402920747851365e-15
360,180.0,2.1217046066465502e-23,1.7867668098320276e-16,8.770796178436716e-14,1.0143388777712394e-14
361,180.5,2.0856871569237833e-23,1.7205825042678228e-16,8.403833329910769e-14,1.0384937164696906e-14
362,181.0,2.0503771450625315e-23,1.6787037219311475e-16,8.718007715864308e-14,9.797481541887876e-15
363,181.5,2.0157587365113984e-23,1.689492652999564e-16,8.726952425797037e-14,9.45224029755064e-15
364,182.0,1.9818167884465867e-23,1.6399428183450858e-16,8.718290019961168e-14,9.678900276870098e-15
365,182.5,1.948535755466115e-23,1.5314050494700323e-16,8.737793279640213e-14,9.633720727359911e-15
366,183.0,1.9159015673025676e-23,1.534630613033363e-16,8.877477804178029e-14,9.551670985499028e-15
367,183.5,1.883899293303864e-23,1.4683617003194217e-16,8.270514297474347e-14,9.65761381245445e-15
368,184.0,1.8525152314779637e-23,1.4761929426853499e-16,7.921050594505308e-14,9.663168668780668e-15
369,184.5,1.821735999583677e-23,1.5347967279488958e-16,8.186464958270181e-14,9.693161934113848e-15
370,185.0,1.7915476980331212e-23,1.62499102863051e-16,8.496417509462807e-14,9.089016897043797e-15
371,185.5,1.7619383060202377e-23,1.6425931761134972e-16,8.650199965949245e-14,8.199150404643998e-15
372,186.0,1.732894047210197e-23,1.3899762278294794e-16,8.555016389894345e-14,8.841692543048947e-15
373,186.5,1.704403579840594e-23,1.3317948082270461e-16,8.290974483025757e-14,9.56123383953822e-15
374,187.0,1.6764543348389115e-23,1.4269784119324318e-16,8.45760076377394e-14,9.211679681179798e-15
375,187.5,1.6490348869508505e-23,1.442841200858171e-16,8.566658063272682e-14,9.62633833542745e-15
376,188.0,1.6221334172007404e-23,1.4001315549719283e-16,8.292451280736148e-14,9.324462784550645e-15
377,188.5,1.5957392331759923e-23,1.312460186076452e-16,9.002669156573992e-14,8.582294178721115e-15
378,189.0,1.5698410788153982e-23,1.357245681120744e-16,9.033978531220418e-14,8.93765310216547e-15
379,189.5,1.544428276633725e-23,1.27787945122588e-16,8.70960110205562e-14,8.981256375645667e-15
380,190.0,1.5194909874527524e-23,1.184474236946701e-16,8.205177390916216e-14,9.084938727089788e-15
381,190.5,1.4950185090621797e-23,1.3402564848132643e-16,7.774330942357421e-14,9.406101511862508e-15
382,191.0,1.4710009401260674e-23,1.411816632530059e-16,7.803392272452465e-14,8.725916398346831e-15
383,191.5,1.4474292636798776e-23,1.323824760743737e-16,8.091050289230235e-14,8.29290897932239e-15
384,192.0,1.4242932849463758e-23,1.167967171161576e-16,7.79971765039408e-14,8.374307865842713e-15
385,192.5,1.4015844874850328e-23,1.1927357321403492e-16,7.721050616723778e-14,8.123436183902074e-15
386,193.0,1.3792933401452796e-23,1.3039627731197378e-16,7.804188342488514e-14,8.115374760780975e-15
387,193.5,1.3574113326502958e-23,1.181349372497181e-16,7.425184131256443e-14,8.750407409507885e-15
388,194.0,1.3359300716929293e-23,1.1184699143789598e-16,7.519003182162286e-14,9.125452225492437e-15
389,194.5,1.3148407686078332e-23,1.1939960123483563e-16,7.815457674578301e-14,8.621738601295451e-15
390,195.0,1.2941356377375234e-23,1.1834645941713919e-16,7.923877128753387e-14,8.615459055510877e-15
391,195.5,1.2738067049091375e-23,1.1031039794620038e-16,8.274605204462169e-14,8.23227483631832e-15
392,196.0,1.2538457181795192e-23,1.0229627801596902e-16,8.40060136612413e-14,8.178488040449285e-15
393,196.5,1.234245812761443e-23,1.175093978600547e-16,7.698436300149378e-14,8.907257508484303e-15
394,197.0,1.2149987988653602e-23,1.1854659587934828e-16,7.92816361936179e-14,8.727677778592855e-15
395,197.5,1.1960980918100251e-23,1.0456115856432417e-16,7.709986305155195e-14,8.339789386760629e-15
396,198.0,1.1775360622894611e-23,1.00481488925694e-16,7.700804977200027e-14,7.997145159118267e-15
397,198.5,1.1593061750685127e-23,1.0275152783270427e-16,8.1867289813214e-14,7.43342778497327e-15
398,199.0,1.1414014178547859e-23,1.0210744661019072e-16,7.845782957724966e-14,7.595394202963618e-15
399,199.5,1.1238153447518864e-23,9.874057982029986e-17,7.406105128799763e-14,7.691430796547693e-15
400,200.0,1.106541286321462e-23,1.064763762654062e-16,7.427950185502191e-14,7.999390650582962e-15
401,200.5,1.089573239573657e-23,1.1160314533840496e-16,7.225126006454439e-14,8.441251879259563e-15
402,201.0,1.072904742566227e-23,9.56946150104832e-17,7.191216676800391e-14,8.249835690370994e-15
403,201.5,1.056529911393431e-23,8.906848608635893e-17,7.564639057288653e-14,8.1893641417067e-15
404,202.0,1.0404428281031866e-23,9.747759410459204e-17,7.333766529506848e-14,7.872765967708482e-15
405,202.5,1.024637680684678e-23,1.0039438653701209e-16,7.369165899179356e-14,8.04384775960262e-15
406,203.0,1.0091089650746523e-23,9.404891434744398e-17,7.053855791190387e-14,8.55551050119077e-15
407,203.5,9.938509976590606e-24,8.619822426892695e-17,6.595982892094295e-14,8.402559952053723e-15
408,204.0,9.788585812201852e-24,9.004224556343547e-17,6.72917311655281e-14,7.880601414411737e-15
409,204.5,9.641263453474522e-24,8.766451704006697e-17,7.058725333749272e-14,7.809841883261577e-15
410,205.0,9.496490974808322e-24,8.52139899831339e-17,6.852211841528071e-14,7.644491586489784e-15
411,205.5,9.35422010087431e-24,9.384032531888347e-17,7.263402766231598e-14,7.038243577074084e-15
412,206.0,9.214398525130307e-24,9.773787201612678e-17,7.188143712574837e-14,7.192263938717159e-15
413,206.5,9.076981333800861e-24,9.268878131189088e-17,6.882780349241707e-14,7.857353321571298e-15
414,207.0,8.941919859709028e-24,7.96204247355988e-17,7.175060172010791e-14,7.685592996167256e-15
415,207.5,8.809167998452494e-24,7.951923879866692e-17,7.050429944890267e-14,7.81583295053481e-15
416,208.0,8.67868074672646e-24,8.598928458042485e-17,7.462752709552628e-14,7.673587578272699e-15
417,208.5,8.550415176293678e-24,8.124274939435388e-17,7.900787869180903e-14,7.040502655248788e-15
418,209.0,8.424327218436503e-24,7.534842168861177e-17,7.289806618480074e-14,7.650580091192623e-15
419,209.5,8.300374745251381e-24,7.815271605510106e-17,6.787918477365468e-14,7.972237219618875e-15
420,210.0,8.178516837014015e-24,7.980987202294319e-17,7.047393860494175e-14,7.6325181202452e-15
421,210.5,8.058713672041335e-24,7.430080589717163e-17,6.551931481767065e-14,7.819052459051961e-15
422,211.0,7.940924800313962e-24,7.335675724104268e-17,6.676325694767025e-14,7.264865693726682e-15
423,211.5,7.8251121567153e-24,8.170258977283745e-17,6.707813754640922e-14,6.52587663052402e-15
424,212.0,7.711238404733832e-24,8.490815036976285e-17,6.517204991604056e-14,7.011906830821932e-15
425,212.5,7.599265763806636e-24,7.698391706909354e-17,6.548412747947115e-14,7.235497559645196e-15
426,213.0,7.489158499797853e-24,7.070684416592747e-17,6.419463030886011e-14,7.022491600231353e-15
427,213.5,7.380881454475529e-24,7.064383590472216e-17,5.957148213637459e-14,7.29821954155492e-15
428,214.0,7.274399706608712e-24,6.964058352731632e-17,6.623326940146778e-14,7.297663753001746e-15
429,214.5,7.169679185312323e-24,6.776319648772241e-17,7.069361085887788e-14,7.048826963958749e-15
430,215.0,7.066687203213287e-24,6.810715312269539e-17,6.803099394098538e-14,7.024420713542155e-15
431,215.5,6.96539085227471e-24,7.16542437096543e-17,6.941392666630694e-14,7.160341158133321e-15
432,216.0,6.865758541349433e-24,6.830452074972339e-17,6.674751353955813e-14,7.345151050563826e-15
433,216.5,6.767759239618809e-24,6.353778913924371e-17,6.644144503708702e-14,7.668804772475286e-15
434,217.0,6.671362463291838e-24,6.72121242626253e-17,6.570418969269139e-14,7.47655661721043e-15
435,217.5,6.5765376437200915e-24,7.533611703261062e-17,6.515095876210985e-14,6.9220766251866876e-15
436,218.0,6.483257286782199e-24,7.214832206552616e-17,6.7459982526473e-14,6.4825160703353465e-15
437,218.5,6.391490475875727e-24,6.388734958940861e-17,7.08240906973729e-14,6.348056817966747e-15
438,219.0,6.301211937431705e-24,5.999361058787929e-17,6.469660155086791e-14,6.690747095247214e-15
439,219.5,6.2123915682773675e-24,6.003205312688156e-17,6.218707858919351e-14,7.004541455352967e-15
440,220.0,6.1250041573996956e-24,5.880841574202717e-17,6.280008685792267e-14,6.843228105220746e-15
441,220.5,6.039023228319417e-24,5.961825994513191e-17,6.424359988133858e-14,6.793742987196354e-15
442,221.0,5.954422302031987e-24,6.21784937197105e-17,6.470308496287719e-14,6.497232258980201e-15
443,221.5,5.871177106298605e-24,6.028372434686497e-17,6.276370623648171e-14,6.507453550450383e-15
444,222.0,5.789262015029885e-24,5.94090416694569e-17,6.096987325169861e-14,7.047508610134761e-15
445,222.5,5.708653727288941e-24,5.934495170378273e-17,6.108046619039377e-14,6.879980478038e-15
446,223.0,5.629327794676913e-24,6.119915857637496e-17,5.8217934672396e-14,7.303299290654135e-15
447,223.5,5.5512612240228995e-24,6.228994613753244e-17,5.568343844966556e-14,7.449968539309198e-15
448,224.0,5.474432048133879e-24,5.97414561760173e-17,6.051877354027762e-14,6.412745741500512e-15
449,224.5,5.3988157704916544e-24,5.523965947649404e-17,6.051742545858154e-14,6.306095174365525e-15
450,225.0,5.324393703819687e-24,5.0475045365711806e-17,6.044789705200076e-14,6.615927089075377e-15
451,225.5,5.251141562452798e-24,4.905794595785939e-17,6.023847854461581e-14,6.436871650754684e-15
452,226.0,5.179040376495355e-24,5.2085287966596524e-17,5.967938064903694e-14,6.790261601418964e-15
453,226.5,5.108068189819145e-24,5.3401006738544985e-17,6.03175464337162e-14,6.774995903041017e-15
454,227.0,5.0382058978388426e-24,5.52669053627438e-17,6.293336098345931e-14,6.2608777459815036e-15
455,227.5,4.96943345403675e-24,5.571872396269467e-17,6.255657122715459e-14,6.202810887291972e-15
456,228.0,4.901730985913827e-24,5.4758180808989945e-17,6.573880384996923e-14,6.253568030485107e-15
457,228.5,4.8350803731819694e-24,5.366049712157663e-17,6.570873140642609e-14,6.0757461325993875e-15
458,229.0,4.7694625786654434e-24,5.060953759160764e-17,5.99744467599367e-14,6.5859249713537865e-15
459,229.5,4.704859482374175e-24,5.266095219057567e-17,5.585158629837508e-14,7.023704812724348e-15
460,230.0,4.641253293087607e-24,5.3200620265171525e-17,5.748483692874999e-14,6.396478217108922e-15
461,230.5,4.5786262212489274e-24,4.742655557855672e-17,6.008450335489962e-14,6.375675705375391e-15
462,231.0,4.51696161917913e-24,4.3033038337329014e-17,5.89767475308263e-14,6.208938522613155e-15
463,231.5,4.456242185851566e-24,4.2944436537754146e-17,5.844391305820826e-14,5.7716709356789426e-15
464,232.0,4.3964519180515986e-24,4.5796834085003345e-17,5.4722813088891836e-14,6.3857446720765874e-15
465,232.5,4.33757421523257e-24,4.7460042272451017e-17,5.4909906641590275e-14,6.6726143207898945e-15
466,233.0,4.2795935701860405e-24,4.9293774721620324e-17,5.497057479059486e-14,6.410115271074829e-15
467,233.5,4.222493998477294e-24,5.0660972775821934e-17,5.578533290844133e-14,6.233898000682586e-15
468,234.0,4.166261044871592e-24,4.645185389187959e-17,5.738296482968349e-14,5.8097760236583545e-15
469,234.5,4.11087880958326e-24,4.4642921726538085e-17,5.97260571198693e-14,5.869575716223411e-15
470,235.0,4.0563334531541586e-24,4.737095741746337e-17,5.882611236406355e-14,6.058054825590405e-15
471,235.5,4.002610125640168e-24,4.659395201273863e-17,5.720695659209111e-14,6.119057717209035e-15
472,236.0,3.949694931006751e-24,4.263792977145991e-17,5.623756126603156e-14,6.414727700231064e-15
473,236.5,3.8975740621727424e-24,3.842565473797092e-17,5.679730725214834e-14,6.275755703439637e-15
474,237.0,3.846234062004613e-24,3.828658198978369e-17,5.718488454157181e-14,6.050155872471494e-15
475,237.5,3.7956609673904225e-24,3.98766588513348e-17,5.865626389240607e-14,5.870547919287803e-15
476,238.0,3.74584285235516e-24,3.9765158205831816e-17,6.068386340961011e-14,5.783510338668335e-15
477,238.5,3.6967661109009206e-24,4.390590142299464e-17,5.857033450316753e-14,5.975155984597641e-15
478,239.0,3.64841854242903e-24,4.4881772921967574e-17,5.641643157312275e-14,6.278926272508045e-15
479,239.5,3.600787372273608e-24,4.4414656347505146e-17,5.4221666031192063e-14,6.0776114288039854e-15
480,240.0,3.55386117046663e-24,4.081302994266608e-17,5.6225527680640645e-14,5.913313509549257e-15
481,240.5,3.507628001002405e-24,3.903711516455377e-17,5.663164518184927e-14,5.799110857746696e-15
482,241.0,3.462075643944696e-24,4.128006782398942e-17,5.678961651812456e-14,5.4183924162784994e-15
483,241.5,3.41719310545371e-24,3.8686062544263515e-17,5.449355919609797e-14,5.4850850741515985e-15
484,242.0,3.372969528317686e-24,3.5799849063506993e-17,5.0611383779046916e-14,6.1536336768195525e-15
485,242.5,3.3293932908780495e-24,3.588521248613098e-17,4.935619872294648e-14,5.988141082461633e-15
486,243.0,3.2864539313941952e-24,3.596801620387716e-17,5.023701842496909e-14,5.7671589691958e-15
487,243.5,3.2441409194014585e-24,3.562967196691628e-17,5.0788719033645657e-14,5.960809747199438e-15
488,244.0,3.202443791617602e-24,3.46785394792139e-17,5.2356499586931316e-14,5.580163211016365e-15
489,244.5,3.1613523408855553e-24,3.918872362220922e-17,5.326639803691587e-14,5.7033669041725204e-15
490,245.0,3.120856829688695e-24,4.250942721253985e-17,5.1553836765872245e-14,6.1138091907267405e-15
491,245.5,3.0809468678423095e-24,3.655945477255712e-17,5.370170312902084e-14,6.018789643064409e-15
492,246.0,3.041613564136156e-24,3.3582246300518194e-17,5.395516973868087e-14,6.233461898472666e-15
493,246.5,3.002846741668328e-24,3.406306017354444e-17,5.384276377042208e-14,6.121107303308693e-15
494,247.0,2.964637875264582e-24,3.542540775333625e-17,5.5456170918438023e-14,5.3296017713981165e-15
495,247.5,2.9269770855174544e-24,3.3219440466575076e-17,5.781417833362519e-14,5.31190528425818e-15
496,248.0,2.8898559604387243e-24,3.106214359020977e-17,5.461456552783539e-14,5.472847092772929e-15
497,248.5,2.853265723978901e-24,3.410411112401019e-17,5.3830184317351587e-14,5.455960052741693e-15
498,249.0,2.8171973663737172e-24,3.18581382224442e-17,5.0885250222561524e-14,5.635558731157466e-15
499,249.5,2.7816428292870365e-24,2.9563191869876624e-17,4.8762380780883665e-14,5.622344111631544e-15
500,250.0,2.746593471844699e-24,3.2934505592203936e-17,5.1774167331493695e-14,5.29837250161649e-15
501,250.5,2.712041590984461e-24,3.7171718722893107e-17,5.140049849722339e-14,5.259017606062171e-15
502,251.0,2.677978716209315e-24,3.655535156731207e-17,5.139240619813389e-14,5.428123108267451e-15
503,251.5,2.6443972318799254e-24,2.96855828234744e-17,5.2088755903229415e-14,5.43529240041621e-15
504,252.0,2.6112891945366597e-24,2.9785105504578656e-17,4.8929847052044923e-14,5.7207458160127496e-15
505,252.5,2.5786474547612464e-24,3.193695069047154e-17,4.6216388895421055e-14,6.014291171373631e-15
506,253.0,2.5464641510174905e-24,2.946497456176221e-17,4.9588094532223434e-14,5.807683462569089e-15
507,253.5,2.51473217143966e-24,2.8317894703185415e-17,5.083354310809708e-14,5.457218469077334e-15
508,254.0,2.4834442711005182e-24,2.9165266772578395e-17,5.2570875926406015e-14,5.1386685765217756e-15
509,254.5,2.452593307432383e-24,3.047282437435546e-17,5.0729722113638236e-14,5.104947403264258e-15
510,255.0,2.422172618307304e-24,2.8631128313808924e-17,4.834086629744897e-14,5.40305372025267e-15
511,255.5,2.3921752268971552e-24,2.7649021973767786e-17,4.940335632448255e-14,5.279719709327645e-15
512,256.0,2.3625943005793214e-24,3.173898257571995e-17,5.0600551387837944e-14,5.208898993093379e-15
513,256.5,2.3334236100023053e-24,3.115751873482604e-17,4.848338041011809e-14,5.265788140153285e-15
514,257.0,2.3046564640331082e-24,2.8945687605713174e-17,5.152896641766069e-14,5.147146541696223e-15
515,257.5,2.2762865615269468e-24,2.764363953124104e-17,5.281855139172502e-14,5.195116581928372e-15
516,258.0,2.2483077067183617e-24,2.652977973177067e-17,5.218085948340693e-14,5.124829561390891e-15
517,258.5,2.2207139146872425e-24,2.6539284628353904e-17,5.2521709352486436e-14,5.432611966989966e-15
518,259.0,2.1934988534989895e-24,2.4713464596998623e-17,4.869831518919177e-14,5.875677759173091e-15
519,259.5,2.166657045448641e-24,2.6522126836206973e-17,5.044754673831058e-14,5.471839238248338e-15
520,260.0,2.1401823046105078e-24,2.8044953648445964e-17,5.199401206341768e-14,5.132230869418794e-15
521,260.5,2.1140692187761174e-24,2.6097209011230557e-17,4.866412121708447e-14,5.2725272494612145e-15
522,261.0,2.0883118594539785e-24,2.4859570425852788e-17,4.7526579899315364e-14,5.0373019488978324e-15
523,261.5,2.0629052906875493e-24,2.536469452456557e-17,4.824136188656777e-14,4.988608331728873e-15
524,262.0,2.037843354907559e-24,2.749006742170271e-17,4.259168372305601e-14,5.152588718594996e-15
525,262.5,2.013121441077001e-24,2.762426740327214e-17,4.289605528386923e-14,5.052342577954081e-15
526,263.0,1.988733852628335e-24,2.5566199132543384e-17,4.4898426147016665e-14,4.8723899643656504e-15
527,263.5,1.9646757161037418e-24,2.5041886019914735e-17,4.6217384471083134e-14,4.95200552389727e-15
528,264.0,1.9409419055591377e-24,2.3297983122613804e-17,4.8263739579041824e-14,4.8763654155199485e-15
529,264.5,1.9175273293807655e-24,2.197138331005585e-17,4.6915128312855334e-14,5.0667099194766e-15
530,265.0,1.8944274838398337e-24,2.336610346886762e-17,4.3554719528849186e-14,5.668611547414575e-15
531,265.5,1.871637167932235e-24,2.5075095062743477e-17,4.777096763277098e-14,5.497879124019843e-15
532,266.0,1.8491518220109706e-24,2.5208807921087945e-17,5.0861633308888995e-14,5.28893125699709e-15
533,266.5,1.826967110034356e-24,2.2663159526794245e-17,4.8157777921870644e-14,5.417063105039592e-15
534,267.0,1.8050779526801193e-24,2.2539785508307554e-17,5.081653357321501e-14,4.900340543866905e-15
535,267.5,1.7834803452418865e-24,2.3721191314578765e-17,4.947896693273109e-14,4.7579070450297935e-15
536,268.0,1.762169529707356e-24,2.38889783416112e-17,4.7843193155735614e-14,5.064321542437327e-15
537,268.5,1.7411415820321854e-24,2.3285905001481104e-17,4.622812362883023e-14,4.9135669612444806e-15
538,269.0,1.720391910726993e-24,2.2072158113372807e-17,4.362842462252721e-14,4.918889537066151e-15
539,269.5,1.699916445819512e-24,2.185492243236188e-17,4.3944161524208064e-14,4.6967224906910665e-15
540,270.0,1.679711214485691e-24,2.0993526896768992e-17,4.718065211060186e-14,4.371425545811737e-15
541,270.5,1.6597720034243286e-24,2.0051204491938503e-17,4.52830025645519e-14,4.547896043815236e-15
542,271.0,1.6400947779092781e-24,2.1522679211753892e-17,4.5514587818524436e-14,4.89793293388305e-15
543,271.5,1.6206760627942527e-24,2.261907904338129e-17,4.4624895366121143e-14,5.241079850715485e-15
544,272.0,1.6015115192792454e-24,2.1575722656193748e-17,4.305817054321116e-14,5.247004419693827e-15
545,272.5,1.5825976377173581e-24,2.0435050937367653e-17,4.376719491403658e-14,5.126739268455985e-15
546,273.0,1.5639306675701858e-24,2.0472233192810155e-17,4.499701351482341e-14,5.043264756299573e-15
547,273.5,1.5455069159053967e-24,2.073235565511657e-17,4.604451645721871e-14,4.8487215546315445e-15
548,274.0,1.5273228467631576e-24,2.0150959899394015e-17,4.673618871563978e-14,4.6568135340191495e-15
549,274.5,1.5093750349315674e-24,2.0223332113527816e-17,4.401676808586736e-14,4.769876634446227e-15
550,275.0,1.4916595915972716e-24,2.095816555402011e-17,4.069396490458943e-14,4.992874292733497e-15
551,275.5,1.4741736811683894e-24,1.9526637499145533e-17,4.450110785852146e-14,4.846402794854123e-15
552,276.0,1.4569135370905333e-24,1.866897866440876e-17,4.4973875110999904e-14,4.486953729602493e-15
553,276.5,1.4398760391154732e-24,1.8620744972844812e-17,4.609807566872902e-14,4.316150811869412e-15
554,277.0,1.42305777822369e-24,1.938122912718736e-17,4.768983609738536e-14,4.269050066901072e-15
555,277.5,1.4064557733862698e-24,2.043192683653517e-17,4.5971435075382165e-14,4.793002749858546e-15
556,278.0,1.3900667440936385e-24,2.0047379479398808e-17,4.4933139748508815e-14,5.006598561896995e-15
557,278.5,1.373887675581623e-24,1.84404617189901e-17,4.6512255359852925e-14,4.777725919122586e-15
558,279.0,1.3579153947972646e-24,1.7179616447005855e-17,4.4589219070976344e-14,5.144384131459456e-15
559,279.5,1.3421470092841648e-24,1.7908063004089405e-17,4.548473540584103e-14,4.916297122360692e-15
560,280.0,1.3265796578359862e-24,1.876090501362877e-17,4.618767976807188e-14,4.3633863860199395e-15
561,280.5,1.3112102375946977e-24,1.8458554114503733e-17,4.300008892661811e-14,4.6034944982012e-15
562,281.0,1.2960360503677762e-24,1.7618207642256356e-17,4.225974270461007e-14,4.756191952389068e-15
563,281.5,1.2810543603202708e-24,1.7580933171712397e-17,4.021849416644854e-14,4.712915727915125e-15
564,282.0,1.2662621378040627e-24,1.7085730608099902e-17,3.847747651024232e-14,4.782961362979162e-15
565,282.5,1.2516569232222724e-24,1.6958708107266478e-17,3.947986478421694e-14,4.306144115342363e-15
566,283.0,1.2372360107623431e-24,1.7594952197581327e-17,4.253754953949504e-14,4.119514424646587e-15
567,283.5,1.2229966056052252e-24,1.855597564758835e-17,4.268589712435061e-14,4.345672980013136e-15
568,284.0,1.2089363205423025e-24,1.7471304793677725e-17,4.299145783040187e-14,4.430973941851423e-15
569,284.5,1.1950525112119748e-24,1.5399928204468876e-17,4.119867838733293e-14,4.679810693312238e-15
570,285.0,1.1813427420081626e-24,1.5318850734533656e-17,4.111654191109956e-14,5.096062402288068e-15
571,285.5,1.1678044785859025e-24,1.6510126368060533e-17,4.322724196488447e-14,4.874323345977569e-15
572,286.0,1.154435256451772e-24,1.65405791667432e-17,4.4720326486309116e-14,4.538663942509752e-15
573,286.5,1.1412328349127193e-24,1.59311761729412e-17,4.557217986356814e-14,4.585718944933707e-15
574,287.0,1.1281947285667542e-24,1.6364960498591418e-17,4.4866062491686335e-14,4.531367850980648e-15
575,287.5,1.1153187818144732e-24,1.6872890123451324e-17,4.199226012112857e-14,4.543191608291141e-15
576,288.0,1.1026025075654102e-24,1.564434131850014e-17,3.999983018675264e-14,4.682408875945283e-15
577,288.5,1.090043865811919e-24,1.4884470710755972e-17,4.093558587349069e-14,4.564871538876058e-15
578,289.0,1.0776404783283818e-24,1.6020600375923205e-17,4.176195883728883e-14,4.3804966346757126e-15
579,289.5,1.0653903875884853e-24,1.6309017664265512e-17,4.2504991151175366e-14,4.170823498363298e-15
580,290.0,1.053291242695358e-24,1.5139482113973075e-17,4.0638146861110685e-14,3.933108768755849e-15
581,290.5,1.0413410531525757e-24,1.4374454761307132e-17,4.102342083691525e-14,4.293370348230949e-15
582,291.0,1.0295377995410405e-24,1.4164323663630907e-17,4.1003129713875164e-14,4.591738332408055e-15
583,291.5,1.0178792625770249e-24,1.4547654444959702e-17,4.03304485197783e-14,4.697937344350075e-15
584,292.0,1.006363690253357e-24,1.4293193546464255e-17,3.819113753953176e-14,4.678610984514327e-15
585,292.5,9.949888461608829e-25,1.4889619534714253e-17,3.9580872247122146e-14,4.216776800014973e-15
586,293.0,9.837529952402394e-25,1.5564137053736447e-17,4.20972311595998e-14,4.2118132915332556e-15
587,293.5,9.72654097388606e-25,1.4429103026121656e-17,4.2063187920396374e-14,4.470132584426441e-15
588,294.0,9.616903668113138e-25,1.3530872100313259e-17,3.9931007339341823e-14,4.3782485065452026e-15
589,294.5,9.5085982600919e-25,1.3696304425273037e-17,3.7718216170195644e-14,4.517573137937183e-15
590,295.0,9.401607633382697e-25,1.4787408614627075e-17,3.873374464280291e-14,4.428525104161202e-15
591,295.5,9.295913375404326e-25,1.4549410645642618e-17,4.086931042001851e-14,4.125518378789296e-15
592,296.0,9.191497365858665e-25,1.2753998695811146e-17,4.212292107446673e-14,4.217303481475425e-15
593,296.5,9.088343142191279e-25,1.2582988521955957e-17,4.2175514271403274e-14,4.030165777336127e-15
594,297.0,8.986432553515679e-25,1.2940973989394185e-17,4.3198953222887134e-14,3.9709886128347525e-15
595,297.5,8.885749176831066e-25,1.2745062110041587e-17,4.119101680732793e-14,4.436140445510719e-15
596,298.0,8.786276546826057e-25,1.3510758360669382e-17,4.007489281304426e-14,4.640744026656068e-15
597,298.5,8.687997427245461e-25,1.4107394265532204e-17,4.0974224961144547e-14,4.2124325256891844e-15
598,299.0,8.59089707008547e-25,1.4171366934589593e-17,4.2591482503525873e-14,4.14809480124051e-15
599,299.5,8.494957620831052e-25,1.2487170132307193e-17,4.086212151474093e-14,4.2459893435274605e-15
600,300.0,8.400166074981636e-25,1.2015542184738826e-17,3.931666973576461e-14,4.073055731884552e-15
601,300.5,8.306503984077083e-25,1.3229301982094634e-17,3.7636582937859256e-14,4.319661980092653e-15
602,301.0,8.213958883309087e-25,1.282008423154718e-17,3.6945785256541496e-14,4.41997607910438e-15
603,301.5,8.12251365747339e-25,1.2130181198305657e-17,3.765985820842604e-14,4.203421912946468e-15
604,302.0,8.032154727513285e-25,1.1634823787399904e-17,3.572775182223692e-14,4.334227490981734e-15
605,302.5,7.942868156262575e-25,1.2334200328345224e-17,3.712333143170647e-14,4.026257781796123e-15
606,303.0,7.854637881142754e-25,1.2089269023553728e-17,4.014136417559449e-14,3.815266945255451e-15
607,303.5,7.767451232880387e-25,1.1116192737507544e-17,4.0219993381653303e-14,4.271074482562551e-15
608,304.0,7.6812932350945945e-25,1.2374340986818879e-17,3.798779202929461e-14,4.320285273969505e-15
609,304.5,7.596152024197678e-25,1.3205375851594804e-17,3.814318362270951e-14,4.3002847036266536e-15
610,305.0,7.512012130156086e-25,1.22448998947582e-17,3.8393448379635693e-14,4.2625504639359565e-15
611,305.5,7.4288611688500735e-25,1.1132850357018373e-17,4.071084465899947e-14,4.084807071625598e-15
612,306.0,7.346686477437179e-25,1.1006773633739545e-17,4.014516348604128e-14,4.001152608730233e-15
613,306.5,7.26547456491281e-25,1.1834066309293624e-17,3.961631447847187e-14,3.998272284115372e-15
614,307.0,7.185212549437349e-25,1.0829204909115896e-17,3.871495974121985e-14,4.155069356863566e-15
615,307.5,7.105888604071162e-25,1.0515735071968643e-17,3.74714811803698e-14,4.255016621646013e-15
616,308.0,7.02749064194472e-25,1.1625027894551115e-17,3.589471294271004e-14,4.165083370346933e-15
617,308.5,6.950005054721178e-25,1.0867615738160873e-17,3.781658556394003e-14,4.0889785333610996e-15
618,309.0,6.873421607192445e-25,1.0152951331076852e-17,3.985845855619493e-14,4.006936531126719e-15
619,309.5,6.797727410936038e-25,1.0484099918878467e-17,3.8513980121924285e-14,3.993973012323574e-15
620,310.0,6.722911163899343e-25,1.1977058673821066e-17,3.824108512622535e-14,4.01940141023935e-15
621,310.5,6.648962038943584e-25,1.218513354137353e-17,3.589859490121713e-14,4.1448120678220355e-15
622,311.0,6.575867473096594e-25,1.0433468885164089e-17,3.699905829626988e-14,4.208904824390617e-15
623,311.5,6.503617566378397e-25,1.018086634111489e-17,3.797541214835223e-14,4.122922656023319e-15
624,312.0,6.432200844206773e-25,1.0033582923079192e-17,3.652876100834428e-14,4.070660039316756e-15
625,312.5,6.36160658863001e-25,1.0009825699870268e-17,3.6124508947035397e-14,3.701613536462319e-15
626,313.0,6.291824123497777e-25,1.005076871186014e-17,3.8002087207853734e-14,3.656642778705592e-15
627,313.5,6.222843369253824e-25,9.956386819550481e-18,3.57028167841363e-14,4.0023096209879175e-15
628,314.0,6.154653083718418e-25,1.0287848638225567e-17,3.580185320858229e-14,3.98992015933684e-15
629,314.5,6.087243895576421e-25,9.791620432584068e-18,3.5655453095468926e-14,4.097840222416301e-15
630,315.0,6.020606105715707e-25,9.714133439076759e-18,3.5890378944932605e-14,4.024893661105192e-15
631,315.5,5.9547286463239e-25,1.036282324781287e-17,3.8533163008470864e-14,3.690564140041393e-15
632,316.0,5.889602867265156e-25,1.0587081977240393e-17,3.984228938282899e-14,3.9610655475797214e-15
633,316.5,5.825218331092567e-25,1.0336460943503966e-17,3.8941997062210785e-14,4.176153958952027e-15
634,317.0,5.7615662137515815e-25,9.383459134091587e-18,3.902962575891522e-14,3.933430036449644e-15
635,317.5,5.698637233514444e-25,9.079858147678711e-18,3.752532823527862e-14,4.064927314117894e-15
636,318.0,5.636421342590412e-25,9.237043877753066e-18,3.565322999789467e-14,4.095576080773225e-15
637,318.5,5.574910565013468e-25,8.757071930484288e-18,3.895465729790949e-14,3.836241197205833e-15
638,319.0,5.514095111004164e-25,9.160160314932464e-18,3.8116123491242136e-14,3.7161640139735374e-15
639,319.5,5.453966711514277e-25,9.257134918629723e-18,3.6416638294552146e-14,3.725489073966826e-15
640,320.0,5.394516685634382e-25,9.264713255281582e-18,3.539319334192401e-14,3.7022057392259135e-15
641,320.5,5.335735747885521e-25,9.074064582422358e-18,3.309170133185016e-14,3.916445495463166e-15
642,321.0,5.277616655970061e-25,8.692367324284785e-18,3.343407606249736e-14,3.9481935061950195e-15
643,321.5,5.220150025237686e-25,9.299227207149093e-18,3.5926310553700447e-14,3.717356168068054e-15
644,322.0,5.1633283468920195e-25,9.420654808167415e-18,3.430381232073967e-14,3.8469570359302684e-15
645,322.5,5.107142886397504e-25,9.300781243845958e-18,3.591763830753685e-14,3.9183356632408714e-15
646,323.0,5.051586490815181e-25,8.999035446437397e-18,3.698484363500489e-14,3.777237521121873e-15
647,323.5,4.99665051989913e-25,8.244950020221155e-18,3.489858341166181e-14,4.0717936898813024e-15
648,324.0,4.942327856402008e-25,7.964411747510388e-18,3.594018900270623e-14,4.213256815599324e-15
649,324.5,4.888610535534606e-25,7.946935665349346e-18,3.6253665962643043e-14,3.896342733653861e-15
650,325.0,4.835490997923061e-25,8.421458117854775e-18,3.575304423854773e-14,3.732909480365007e-15
651,325.5,4.782961779940943e-25,8.971985105995771e-18,3.702392430051993e-14,3.567364155878386e-15
652,326.0,4.731015880040924e-25,8.413942364330154e-18,3.742470412444794e-14,3.5884206037160815e-15
653,326.5,4.679645852314857e-25,8.193641699637026e-18,3.492425348077672e-14,3.682328219693764e-15
654,327.0,4.62884418753731e-25,8.272314661549132e-18,3.5243560900513614e-14,3.748117112352264e-15
655,327.5,4.578604979919989e-25,8.418614126286404e-18,3.294883915571082e-14,3.8808112240388596e-15
656,328.0,4.528919869918831e-25,8.531349003881871e-18,3.403477659198128e-14,3.757780391143037e-15
657,328.5,4.479783393582863e-25,8.134894352002778e-18,3.727240958871491e-14,3.584486946733561e-15
658,329.0,4.431187585797312e-25,7.783916074381769e-18,3.6412526525101146e-14,3.7308553709324794e-15
659,329.5,4.38312688182437e-25,7.280880287935631e-18,3.527868582492801e-14,3.846636642597749e-15
660,330.0,4.335593832824771e-25,7.3561738024659e-18,3.505848141530428e-14,4.042696396050077e-15
661,330.5,4.28858276528016e-25,7.851988444265345e-18,3.310135310368622e-14,4.1345989052777e-15
662,331.0,4.242086808134187e-25,7.83198855775764e-18,3.359866338854302e-14,3.893975056454868e-15
663,331.5,4.196099339256978e-25,7.930835705002132e-18,3.4659131229677174e-14,3.8082129174318624e-15
664,332.0,4.1506152841543e-25,7.70614445495673e-18,3.397106406077952e-14,3.6248759714212266e-15
665,332.5,4.1056277414681193e-25,7.40166465832606e-18,3.52379983232471e-14,3.306243939936454e-15
666,333.0,4.0611304103713125e-25,7.401669626064727e-18,3.321897766578411e-14,3.364061070254802e-15
667,333.5,4.0171182932325574e-25,7.53861350442384e-18,3.142648801105504e-14,3.767117725031597e-15
668,334.0,3.9735843700359963e-25,7.640799959359353e-18,3.285063813855412e-14,3.708100329059856e-15
669,334.5,3.930523979156511e-25,7.27745590417526e-18,3.480674592576695e-14,3.568917062375466e-15
670,335.0,3.8879306955916045e-25,7.043281631599518e-18,3.448813219389373e-14,3.620384304872019e-15
671,335.5,3.845798934276012e-25,7.167639419475362e-18,3.657911216399864e-14,3.37513719934038e-15
672,336.0,3.804123585438468e-25,6.801908673106871e-18,3.665394220777938e-14,3.5379024299164743e-15
673,336.5,3.7628986050689014e-25,6.794391716859993e-18,3.6019913663486084e-14,4.015963168501647e-15
674,337.0,3.722119227279308e-25,7.245337800475347e-18,3.576862354998991e-14,3.862106530822791e-15
675,337.5,3.681779313897311e-25,7.564206364221384e-18,3.3472361633557625e-14,3.860055658526144e-15
676,338.0,3.641874281997835e-25,7.330633361500808e-18,3.424757330083414e-14,3.801282299118643e-15
677,338.5,3.6023986503658494e-25,6.537742973838407e-18,3.6301019346911176e-14,3.3530254409933723e-15
678,339.0,3.5633475572835184e-25,6.707491085246637e-18,3.435986041563018e-14,3.4552799919468042e-15
679,339.5,3.524715365108427e-25,7.024342431173836e-18,3.2377378439524066e-14,3.5231892024034037e-15
680,340.0,3.4864978676860763e-25,6.786945948686904e-18,3.235200753916893e-14,3.489344252920924e-15
681,340.5,3.4486894751313765e-25,6.483922290319265e-18,3.1043214065391156e-14,3.62509567139001e-15
682,341.0,3.4112857355137177e-25,6.566591256267435e-18,3.223248392561965e-14,3.576288248282045e-15
683,341.5,3.3742818107508114e-25,6.4352216494057454e-18,3.283576420353985e-14,3.3811237723846623e-15
684,342.0,3.337672701519875e-25,6.057012539879652e-18,3.3914512348282234e-14,3.437786834136422e-15
685,342.5,3.301454320139445e-25,6.345888115565843e-18,3.443142414512319e-14,3.5950834811453765e-15
686,343.0,3.2656213533041995e-25,7.093205289120533e-18,3.3022558290439275e-14,3.71451513605323e-15
687,343.5,3.2301697713146597e-25,6.952068664298311e-18,3.14086753506262e-14,3.8470147173044285e-15
688,344.0,3.1950949238274855e-25,6.101067751735971e-18,3.2995830259408816e-14,3.892087224148554e-15
689,344.5,3.160392513386905e-25,5.936460841058024e-18,3.489597804735837e-14,3.6301878968686595e-15
690,345.0,3.1260579412209243e-25,6.266704376350671e-18,3.391368137857458e-14,3.447541974484543e-15
691,345.5,3.0920872147404474e-25,6.313196210633637e-18,3.349808371181743e-14,3.3541983790026367e-15
692,346.0,3.058475656852655e-25,6.0700973937254726e-18,3.3118142161031775e-14,3.4485345679579464e-15
693,346.5,3.0252198222059687e-25,6.062598032093386e-18,3.345549868832317e-14,3.610768891699245e-15
694,347.0,2.9923144998058795e-25,6.140638630396699e-18,3.2313189452525246e-14,3.4685271226300245e-15
695,347.5,2.959756640260851e-25,5.936969366098138e-18,3.191567827045488e-14,3.471361592307516e-15
696,348.0,2.927541668084911e-25,5.7486607832318245e-18,3.338730386968049e-14,3.3738011379249407e-15
697,348.5,2.895665827026809e-25,5.9798924580238776e-18,3.559054714651871e-14,3.239068984738879e-15
698,349.0,2.8641248898000755e-25,6.272960738679085e-18,3.3699769900935366e-14,3.518036123404341e-15
699,349.5,2.832915235076482e-25,6.043997037953144e-18,3.248498392325342e-14,3.67278765012978e-15
700,350.0,2.8020332752956397e-25,5.659033750633056e-18,3.07713579424907e-14,3.748687953822096e-15
701,350.5,2.7714747467257984e-25,5.7134022166497366e-18,3.100665737197878e-14,3.834996485273716e-15
702,351.0,2.7412362077565105e-25,5.879504881676487e-18,3.1881506841401565e-14,3.45977185033536e-15
703,351.5,2.7113137573678976e-25,5.581987038850629e-18,3.1829622682952233e-14,3.373345604870779e-15
704,352.0,2.6817043307428764e-25,5.547451955004758e-18,3.1980160220870107e-14,3.569280543035905e-15
705,352.5,2.652403593680499e-25,5.8141569274253934e-18,3.153291346235444e-14,3.3404388832726637e-15
706,353.0,2.623408593051791e-25,5.705561777656493e-18,3.030674919901266e-14,3.3445683166380284e-15
707,353.5,2.5947156131776153e-25,5.270755278367572e-18,2.9655417583358223e-14,3.5673361454657064e-15
708,354.0,2.5663210394473436e-25,5.1001528341103816e-18,3.236193471829738e-14,3.3771241314802056e-15
709,354.5,2.5382219622890507e-25,5.707208482543494e-18,3.363491424654008e-14,3.196627255003432e-15
710,355.0,2.5104146413320128e-25,5.744806894758357e-18,3.3818184950771905e-14,3.2576860370691717e-15
711,355.5,2.4828956453835445e-25,5.359567556906413e-18,3.324302773001485e-14,3.202558940197671e-15
712,356.0,2.4556622908671315e-25,5.244274040062894e-18,3.387919278750624e-14,3.4239127943062642e-15
713,356.5,2.4287107636515477e-25,5.13469587103029e-18,3.2704157047816796e-14,3.694403367210063e-15
714,357.0,2.4020380499294564e-25,5.097789809319451e-18,3.3031107201555907e-14,3.5002256186016964e-15
715,357.5,2.375641298538442e-25,5.084065886839414e-18,3.223551257615722e-14,3.3711857465388746e-15
716,358.0,2.3495168390355906e-25,5.4556353537784814e-18,3.226021837388791e-14,3.4049278956978156e-15
717,358.5,2.3236622967637243e-25,5.648299825983539e-18,3.27399884747606e-14,3.2526405300138838e-15
718,359.0,2.298073899864336e-25,5.0011689428079185e-18,3.17742876228347e-14,3.442449857233636e-15
719,359.5,2.272749448056663e-25,4.743031657519646e-18,2.980138517335767e-14,3.662262324495192e-15
720,360.0,2.247685317344918e-25,5.087711213881668e-18,2.980167389116359e-14,3.3997677093057283e-15
721,360.5,2.222879016699339e-25,5.211364125749527e-18,3.09132252980611e-14,3.3283793203846967e-15
722,361.0,2.1983273032794565e-25,5.014845411832875e-18,3.0680236055952405e-14,3.286130261129951e-15
723,361.5,2.174027961107556e-25,4.7346488037440264e-18,3.252333239228506e-14,3.182688696966979e-15
724,362.0,2.1499774023360224e-25,5.007521507612174e-18,3.2054727059409564e-14,3.2683996652443888e-15
725,362.5,2.126173471184328e-25,4.8549031822040595e-18,3.0766102699244355e-14,3.352158586273285e-15
726,363.0,2.102613230480406e-25,4.6321924110330796e-18,2.999465345981624e-14,3.471109924263276e-15
727,363.5,2.0792937726959737e-25,4.945736399641539e-18,3.0638098704700205e-14,3.4888132498743268e-15
728,364.0,2.0562128187366744e-25,5.069708142724119e-18,3.147879608441961e-14,3.253743350718356e-15
729,364.5,2.0333675205910365e-25,4.933003032730747e-18,3.235183211347608e-14,3.27662501742661e-15
730,365.0,2.0107553487784645e-25,4.542507611334959e-18,3.0936356183537696e-14,3.289576734360953e-15
731,365.5,1.988373543066099e-25,4.589896009310352e-18,3.1244877343527916e-14,3.310475409508553e-15
732,366.0,1.9662198841457541e-25,4.7551401400220464e-18,3.1015836520821976e-14,3.496723409699458e-15
733,366.5,1.9442917251223125e-25,4.516395507072331e-18,3.0422129662038583e-14,3.4694416092767616e-15
734,367.0,1.9225865537719315e-25,4.5426190572646426e-18,3.1593115557529365e-14,3.3306480378638745e-15
735,367.5,1.9011019819759834e-25,4.5820169424521164e-18,3.229759757182516e-14,3.23181607611684e-15
736,368.0,1.8798355082703468e-25,4.5473530788672495e-18,3.2863909064881646e-14,3.164800662154504e-15
737,368.5,1.8587851370451504e-25,4.419087302414186e-18,3.2178119205048873e-14,3.1694387255724384e-15
738,369.0,1.8379478497977572e-25,4.18881964048776e-18,3.051663889971359e-14,3.35457319210889e-15
739,369.5,1.8173218100864786e-25,4.564680400307786e-18,2.9082273521355694e-14,3.3834773041211664e-15
740,370.0,1.7969048820038708e-25,4.765241190407691e-18,3.064439776370286e-14,3.2710551228709997e-15
741,370.5,1.7766942699926056e-25,4.549527238256902e-18,2.874836324315317e-14,3.370766817858118e-15
742,371.0,1.7566881076466838e-25,4.339030795498627e-18,2.90831950217865e-14,3.2046337015756604e-15
743,371.5,1.7368840918415703e-25,4.086285793402659e-18,3.1044253953525336e-14,3.045952529207203e-15
744,372.0,1.7172800844165645e-25,4.252188796677226e-18,2.982183118174957e-14,3.4513587458568698e-15
745,372.5,1.6978738421559167e-25,4.2758522977886254e-18,2.8390596669018768e-14,3.490795493875679e-15
746,373.0,1.6786632885107732e-25,4.244681524012863e-18,2.901387674206932e-14,3.3318533302188183e-15
747,373.5,1.659646474180897e-25,4.35812760215116e-18,2.906553778825925e-14,3.388576966912237e-15
748,374.0,1.6408210324178075e-25,4.1162485014459196e-18,3.2139645567882926e-14,3.1908825190582664e-15
749,374.5,1.622185149901849e-25,4.091898354184786e-18,3.3211541786602685e-14,3.1922599955307057e-15
750,375.0,1.6037367314179534e-25,4.1195841755040525e-18,3.0869268368616587e-14,3.2095925068266667e-15
751,375.5,1.585473731787809e-25,4.289020170891512e-18,3.1638204286681853e-14,3.066212496189593e-15
752,376.0,1.5673941892907535e-25,4.3698744453612884e-18,3.1163494630978434e-14,3.150934770379248e-15
753,376.5,1.549496379469379e-25,4.034806352484448e-18,2.978916746653545e-14,3.2806255169386086e-15
754,377.0,1.5317779814835227e-25,3.831534951371595e-18,3.0282051507284157e-14,3.1085357558303418e-15
755,377.5,1.514237278258287e-25,3.8553093582546166e-18,3.141365620777764e-14,2.996092805329666e-15
756,378.0,1.4968726918925276e-25,3.915861608417442e-18,3.0331565771251205e-14,3.0538005773158656e-15
757,378.5,1.4796817710737296e-25,3.999775310350633e-18,3.0399174265443205e-14,3.1791213671734526e-15
758,379.0,1.462663151617222e-25,3.923319262984857e-18,2.8552790512330566e-14,3.325985720424937e-15
759,379.5,1.4458149704851302e-25,4.006460609668635e-18,2.84239867718782e-14,3.5099046657832695e-15
760,380.0,1.4291350959408838e-25,3.915882398353754e-18,3.0531804946518746e-14,3.3690295787712915e-15
761,380.5,1.4126222002401635e-25,3.784711852574286e-18,2.955287054576129e-14,3.20009769987963e-15
762,381.0,1.3962741925448129e-25,3.9004287835277786e-18,2.946426082948071e-14,3.1795680803233037e-15
763,381.5,1.3800897740616425e-25,3.821120870428597e-18,3.1167452767451636e-14,3.109947165729524e-15
764,382.0,1.3640667025911277e-25,3.908257048200868e-18,2.9730599316769295e-14,3.230184779101475e-15
765,382.5,1.3482036575613335e-25,3.816350425630814e-18,2.856739835746271e-14,3.1997045670359824e-15
766,383.0,1.332498930447949e-25,3.640854601390272e-18,2.8409203372473674e-14,3.117176242215198e-15
767,383.5,1.3169508240429638e-25,3.5838413439351604e-18,2.8284165025053293e-14,3.091565725087598e-15
768,384.0,1.3015575704798906e-25,3.511894920361616e-18,3.134078728193239e-14,2.920399288144708e-15
769,384.5,1.2863180545717834e-25,3.691156025481345e-18,3.0458245167883735e-14,2.9661823894557984e-15
770,385.0,1.271230019945403e-25,3.736144074058626e-18,2.8857886566378784e-14,3.1491885557571925e-15
771,385.5,1.2562924333260772e-25,3.739582895433129e-18,2.968514647553494e-14,3.1801510626312613e-15
772,386.0,1.2415035517556972e-25,3.78645246911549e-18,2.965132085903132e-14,3.4314634379801715e-15
773,386.5,1.2268618168878212e-25,3.526118096022801e-18,2.911287723788981e-14,3.4042325546982935e-15
774,387.0,1.2123656890783318e-25,3.5440137304518e-18,3.1115370580507996e-14,3.1909800477548916e-15
775,387.5,1.1980140078495399e-25,3.70564519062516e-18,3.1079393738601505e-14,3.176180334151564e-15
776,388.0,1.183804802809936e-25,3.624648297819969e-18,3.056822577863125e-14,3.1054462015508882e-15
777,388.5,1.1697369790458947e-25,3.445433453198778e-18,3.070587654972085e-14,3.1137065908632687e-15
778,389.0,1.1558089419491737e-25,3.2164128629384425e-18,2.7432845619240527e-14,3.3085062990206147e-15
779,389.5,1.142019393440331e-25,3.305065180354116e-18,2.7315976786466333e-14,3.20400679913356e-15
780,390.0,1.1283666521843537e-25,3.396619504474157e-18,2.8865037813960937e-14,2.9226940527574063e-15
781,390.5,1.1148497826736875e-25,3.424254511041734e-18,2.778653637304151e-14,2.9707121238051196e-15
782,391.0,1.1014670898611236e-25,3.60839731517252e-18,2.808744255066279e-14,2.956029474511458e-15
783,391.5,1.0882171980884686e-25,3.49654105680154e-18,2.935953016508306e-14,2.860820322319183e-15
784,392.0,1.0750989452935964e-25,3.3307760592216665e-18,2.694063307909659e-14,3.1817355096148796e-15
785,392.5,1.0621109758511775e-25,3.2282593505988886e-18,2.792637505477481e-14,3.4237562211109044e-15
786,393.0,1.0492518709777104e-25,3.368499377872401e-18,2.866443790126234e-14,3.2951554585502095e-15
787,393.5,1.036520415908992e-25,3.475595569194204e-18,2.9498585278522586e-14,3.2760203755594506e-15
788,394.0,1.0239154556055155e-25,3.2080174707915384e-18,3.107074031002316e-14,3.068339004418944e-15
789,394.5,1.0114353817844333e-25,3.1456856261682876e-18,3.097001829311981e-14,2.9871757277763105e-15
790,395.0,9.990794779710831e-26,3.2171430023907687e-18,2.965513404957738e-14,3.2092078808448715e-15
791,395.5,9.868458914639583e-26,3.1894203868147952e-18,2.934382096927639e-14,3.083486140280012e-15
792,396.0,9.747340568364777e-26,3.097005701874878e-18,2.8552952700498084e-14,2.9960683146205888e-15
793,396.5,9.627421776924075e-26,3.155610125650198e-18,2.8000121267368435e-14,3.0362128777566543e-15
794,397.0,9.508695041454666e-26,3.392153217750039e-18,2.965520819705263e-14,2.8373757130451506e-15
795,397.5,9.391146703044475e-26,3.3030095490772406e-18,2.940442720918519e-14,2.7423089930909443e-15
796,398.0,9.274764778995398e-26,3.0529442009483363e-18,2.935748365787971e-14,2.8634807219793143e-15
797,398.5,9.159540058925653e-26,3.1331797648077445e-18,2.7964365862187837e-14,3.032025530437389e-15
798,399.0,9.045457598787721e-26,3.1420389311928125e-18,2.7379396191685085e-14,3.2431467970031967e-15
799,399.5,8.932509516484994e-26,3.0899336630903668e-18,2.823005202537147e-14,3.2199369829425456e-15
800,400.0,8.820685029911721e-26,3.0069982685102016e-18,2.941552567812528e-14,3.229368855552515e-15
801,400.5,8.709968873662387e-26,3.0203851112562194e-18,2.86962428113356e-14,3.19113571603483e-15
802,401.0,8.600355432026001e-26,3.0613483561539925e-18,2.953549845727337e-14,3.0363260142983852e-15
803,401.5,8.491830055086166e-26,2.8751875718830913e-18,2.8274910080464518e-14,3.0792139920039503e-15
804,402.0,8.384385824396527e-26,2.8892816777565533e-18,2.673874202357924e-14,3.2411918556621187e-15
805,402.5,8.278009082564851e-26,3.1158049489024885e-18,2.742455950497164e-14,3.1368606632308636e-15
806,403.0,8.172691947638654e-26,3.2072307530525853e-18,2.7797391856136685e-14,2.9060810673192265e-15
807,403.5,8.068422500362902e-26,3.007255775036947e-18,2.845424179000534e-14,2.81927273934433e-15
808,404.0,7.965191518138717e-26,2.7750322228094432e-18,2.849970961832408e-14,2.7611886734089536e-15
809,404.5,7.862988985397899e-26,2.825688513579895e-18,2.85395287503968e-14,2.8773706552763525e-15
810,405.0,7.761805669346782e-26,2.948495635481337e-18,2.81791292628012e-14,3.0932276183886743e-15
811,405.5,7.661631183105186e-26,2.8590959942735763e-18,2.915103946155156e-14,3.0302837262177434e-15
812,406.0,7.562455949292144e-26,2.819987423211013e-18,2.836302981815451e-14,3.1268921286862096e-15
813,406.5,7.464270557979952e-26,2.8933970243931895e-18,2.929042144486049e-14,3.2144029830027448e-15
814,407.0,7.367065302948006e-26,2.838286814573673e-18,3.077126424007074e-14,2.8819225125586826e-15
815,407.5,7.270832666672638e-26,2.748929630607177e-18,3.041712940713508e-14,3.046575219752147e-15
816,408.0,7.175561595573922e-26,2.826645150317532e-18,2.7783386901089296e-14,3.2519702758984075e-15
817,408.5,7.081243029780133e-26,2.9831671591776692e-18,2.69293676792491e-14,3.1127912686675493e-15
818,409.0,6.98786991965113e-26,2.8962129599845224e-18,2.6463996348260817e-14,3.1893406983711168e-15
819,409.5,6.89543183408072e-26,2.6917052065959584e-18,2.7037559031683155e-14,2.9781699322552678e-15
820,410.0,6.803920063400626e-26,2.6883967441680402e-18,2.7289288776552935e-14,2.68419705590313e-15
821,410.5,6.713327501307902e-26,2.7589891400876418e-18,2.709124242526967e-14,2.7911789131721287e-15
822,411.0,6.623642795121977e-26,2.722121392501517e-18,2.75706253611538e-14,2.8828414127204206e-15
823,411.5,6.534861577021205e-26,2.6297626486664816e-18,2.6856279064200545e-14,2.954228486418572e-15
824,412.0,6.446971222279303e-26,2.7028576484246285e-18,2.639151713821833e-14,3.124060204669762e-15
825,412.5,6.359967492412355e-26,2.7616628366649784e-18,2.6539913284369103e-14,3.133434696667907e-15
826,413.0,6.273838944808123e-26,2.6304348011979713e-18,2.9109859326493084e-14,3.001781712539299e-15
827,413.5,6.188579661901306e-26,2.575181158357271e-18,2.967396650962231e-14,2.966274552106004e-15
828,414.0,6.104180455107422e-26,2.7137320104948713e-18,2.915333866135835e-14,2.99048531157423e-15
829,414.5,6.020635005167083e-26,2.7478595816493955e-18,2.8296745586615134e-14,3.0191530884507793e-15
830,415.0,5.937933971143704e-26,2.670512022453195e-18,2.8397202864691803e-14,3.2216027975102213e-15
831,415.5,5.856070817158601e-26,2.5912076843703027e-18,2.779130364774056e-14,3.111556460343591e-15
832,416.0,5.775037013736248e-26,2.584854455513633e-18,2.770952007480955e-14,2.841388405464588e-15
833,416.5,5.694826736242093e-26,2.5001007757586227e-18,2.7698167064875318e-14,2.8193312156743575e-15
834,417.0,5.615429900892298e-26,2.393044322176059e-18,2.894287450312005e-14,2.7154381517434948e-15
835,417.5,5.536842686911841e-26,2.5924189898407925e-18,2.844794348674028e-14,2.790403171201079e-15
836,418.0,5.459053921247772e-26,2.6639927953246607e-18,2.666493339053333e-14,2.913081057086564e-15
837,418.5,5.382060982139914e-26,2.5523657383447066e-18,2.680808390012413e-14,2.985712019914281e-15
838,419.0,5.305852808403261e-26,2.456422153592747e-18,2.748900301488179e-14,3.09086414064544e-15
839,419.5,5.23042427434355e-26,2.4757488005080574e-18,2.860589581976731e-14,2.905138788303586e-15
840,420.0,5.15576906522082e-26,2.582720188206835e-18,2.8151490957430044e-14,2.7915910391051228e-15
841,420.5,5.081879295272915e-26,2.5504444122306425e-18,2.7810733382286142e-14,3.027619842953577e-15
842,421.0,5.008748129853221e-26,2.4738634596176826e-18,2.7164998609217862e-14,3.0057983860462796e-15
843,421.5,4.9363701621538945e-26,2.4680414692195088e-18,2.6756588437055577e-14,3.0619424897577713e-15
844,422.0,4.8647373551765514e-26,2.3987222854004618e-18,2.4965729781543538e-14,3.1085456335063096e-15
845,422.5,4.793844954712316e-26,2.3888157546165592e-18,2.584722523834069e-14,2.925718157320443e-15
846,423.0,4.723684856749316e-26,2.422562317914796e-18,2.824364994003103e-14,2.8277395695457196e-15
847,423.5,4.6542511572083294e-26,2.4756194977021886e-18,2.8188844831046925e-14,2.7979528409402977e-15
848,424.0,4.585539329652211e-26,2.49101473565865e-18,2.7041518531043196e-14,2.7405104592879323e-15
849,424.5,4.517540341372813e-26,2.343949512067383e-18,2.7215797351694187e-14,2.9571076433255324e-15
850,425.0,4.450250577599712e-26,2.3307530045875503e-18,2.7206490828851934e-14,3.1273414977678622e-15
851,425.5,4.3836625374127336e-26,2.3914708823295887e-18,2.8492797612531625e-14,2.8895456784512134e-15
852,426.0,4.317770506564834e-26,2.4109565990308765e-18,2.930800027507668e-14,2.8258177085708056e-15
853,426.5,4.2525689409652136e-26,2.3629280805926017e-18,2.8263904082417422e-14,2.9243715096291975e-15
854,427.0,4.1880526352757254e-26,2.2948649181560163e-18,2.971603019862739e-14,2.8076099643685578e-15
855,427.5,4.1242144501737376e-26,2.357022269356975e-18,2.8342637046466833e-14,2.901445586006803e-15
856,428.0,4.061049331892097e-26,2.3101443218072874e-18,2.5955324652877078e-14,3.145235658803904e-15
857,428.5,3.998552080816832e-26,2.246043344068576e-18,2.564133337160857e-14,3.017279816331263e-15
858,429.0,3.9367166623233056e-26,2.286387748438415e-18,2.6360145039590698e-14,2.9951107053811426e-15
859,429.5,3.87553740806029e-26,2.3332476614686226e-18,2.6153727975207164e-14,2.8954059578207423e-15
860,430.0,3.8150101567605854e-26,2.3937752059775406e-18,2.7040525097871938e-14,2.675633342968637e-15
861,430.5,3.7551280310322273e-26,2.281016173669503e-18,2.6066661723828832e-14,2.862140254596599e-15
862,431.0,3.6958858540968663e-26,2.201949669773457e-18,2.5673882512306436e-14,3.026835989680746e-15
863,431.5,3.6372805890072404e-26,2.258267940034262e-18,2.6469227450370864e-14,2.970788834161323e-15
864,432.0,3.579303773219808e-26,2.224693594551841e-18,2.5523008462268378e-14,2.9918430637093722e-15
865,432.5,3.5219528803285124e-26,2.2358275244324626e-18,2.6975720239912395e-14,2.8818759520151923e-15
866,433.0,3.4652221737542837e-26,2.2592049239055312e-18,2.901387339027027e-14,2.7854799547950623e-15
867,433.5,3.4091057481738177e-26,2.226987143508135e-18,2.808141057457077e-14,2.8611862584136506e-15
868,434.0,3.3536002692723384e-26,2.213823665934481e-18,2.743531835271555e-14,2.8481694117140705e-15
869,434.5,3.298699579272091e-26,2.1272883403347424e-18,2.727643776146481e-14,2.897994190918405e-15
870,435.0,3.244399949000668e-26,2.2378941064436117e-18,2.5811566991818393e-14,2.962423409653946e-15
871,435.5,3.1906955511220097e-26,2.2974695563850324e-18,2.7760831954312592e-14,2.9567740011454097e-15
872,436.0,3.1375825487251644e-26,2.219375075112659e-18,2.763117280533714e-14,2.801709122160448e-15
873,436.5,3.085056101564753e-26,2.1637257495150428e-18,2.7367982033649267e-14,2.6912132415196723e-15
874,437.0,3.033111996908289e-26,2.0747067922621664e-18,2.848163094170516e-14,2.7998004444825003e-15
875,437.5,2.9817447845599056e-26,2.1202657392429343e-18,2.734719158254783e-14,2.977187877406843e-15
876,438.0,2.930950825559851e-26,2.1750205286621054e-18,2.593103812983074e-14,2.9809209362265037e-15
877,438.5,2.880725537671013e-26,2.1466552832887714e-18,2.7008906661527274e-14,2.890329736674755e-15
878,439.0,2.831065016434474e-26,2.1363572827993767e-18,2.6861763331165483e-14,2.8723640806722176e-15
879,439.5,2.781964352449388e-26,2.1163007687950757e-18,2.6722652223486422e-14,2.8041582931429553e-15
880,440.0,2.733418677620701e-26,2.1174223735888723e-18,2.792622257326985e-14,2.6739929248010423e-15
881,440.5,2.6854259342193523e-26,2.1035423843718932e-18,2.590556385403421e-14,2.793196359331181e-15
882,441.0,2.637980285890178e-26,2.1017941300962655e-18,2.519775610643739e-14,2.9101240964975476e-15
883,441.5,2.5910776994278666e-26,2.1571316611854727e-18,2.5272833658132363e-14,2.884027671422895e-15
884,442.0,2.5447151975762984e-26,2.081429890350713e-18,2.4979674708529644e-14,2.9305760890925365e-15
885,442.5,2.4988880408732946e-26,2.0469443067230286e-18,2.642774048893619e-14,2.7055539662207335e-15
886,443.0,2.4535923829843357e-26,2.0494697799139544e-18,2.7958512163398673e-14,2.766972325236393e-15
887,443.5,2.4088246349377885e-26,2.060354022047255e-18,2.6218638627516314e-14,2.968808077027354e-15
888,444.0,2.3645805092697664e-26,2.071592751507856e-18,2.7450784801899728e-14,2.8288833215125443e-15
889,444.5,2.3208571211123985e-26,2.0353239770001395e-18,2.7080587925693434e-14,2.973795562855999e-15
890,445.0,2.2776498680942082e-26,2.093117400510007e-18,2.6592397379739162e-14,3.174061133403922e-15
891,445.5,2.2349551067385278e-26,2.0987384475166498e-18,2.844547438439461e-14,2.8706404149667286e-15
892,446.0,2.1927701120751497e-26,2.0138496989573048e-18,2.8627425804209724e-14,2.7048129242904556e-15
893,446.5,2.1510902667428613e-26,2.0239049245182687e-18,2.8366219536545773e-14,2.7338212081345634e-15
894,447.0,2.109913194264068e-26,2.0325629033089377e-18,2.7657543509704936e-14,2.739240976150791e-15
895,447.5,2.0692338630075402e-26,2.0734810888771512e-18,2.5610389938391017e-14,2.8390113147125968e-15
896,448.0,2.029050221402824e-26,2.010193331439133e-18,2.4589990334147745e-14,2.914144988848474e-15
897,448.5,1.9893583072814823e-26,1.9443745174379987e-18,2.6699308214730438e-14,2.7991290329922452e-15
898,449.0,1.9501547204275443e-26,1.988143058596452e-18,2.5423427169932688e-14,2.7710539971796116e-15
899,449.5,1.9114367542600667e-26,1.9613157244625273e-18,2.5351321366825845e-14,2.8297664984726545e-15
900,450.0,1.8731998703802392e-26,1.994290178239146e-18,2.6209630699307105e-14,2.673994714140015e-15
901,450.5,1.8354427214055005e-26,2.0578453338679546e-18,2.584988752062353e-14,2.8470647922976423e-15
902,451.0,1.798159987410397e-26,2.066191618107107e-18,2.5258929982713642e-14,3.151435465656068e-15
903,451.5,1.7613505509659206e-26,2.0033308287802152e-18,2.578742490116312e-14,3.0379273393127197e-15
904,452.0,1.7250099835377547e-26,1.9098357156067102e-18,2.546576992437488e-14,2.9182113794590504e-15
905,452.5,1.6891361434506315e-26,1.9622352870154337e-18,2.7809109975163137e-14,2.768399072167686e-15
906,453.0,1.653725269321678e-26,2.014948466206763e-18,2.7989706587616258e-14,2.670752216779536e-15
907,453.5,1.618774708044111e-26,1.9485812535650143e-18,2.6047853569999038e-14,2.817474364731637e-15
908,454.0,1.5842817497473955e-26,1.9151419064299138e-18,2.6369543304714446e-14,2.8212176724145665e-15
909,454.5,1.5502435162929103e-26,1.9280800193835742e-18,2.606892056311167e-14,2.7741842480957017e-15
910,455.0,1.5166567886251554e-26,2.005491705961048e-18,2.61884007223456e-14,2.7551069949725323e-15
911,455.5,1.4835192147638352e-26,1.9307719381647955e-18,2.6994405596666702e-14,2.694374833999379e-15
912,456.0,1.450827430084127e-26,1.956495329258536e-18,2.7880747956007778e-14,2.766976285208914e-15
913,456.5,1.418579966391884e-26,2.0564710295675796e-18,2.7858557790378584e-14,2.6984302291261235e-15
914,457.0,1.3867725942801033e-26,1.9868667275946438e-18,2.7358365758388023e-14,2.7785919788762385e-15
915,457.5,1.3554035653114884e-26,1.9565168749296246e-18,2.501471866495871e-14,3.0705439864885116e-15
916,458.0,1.324470397606797e-26,1.9245430264561247e-18,2.6114278270899128e-14,3.0785759104133737e-15
917,458.5,1.2939703591119738e-26,1.9697501858490482e-18,2.7656642486785135e-14,2.858077809389345e-15
918,459.0,1.2639002340618065e-26,1.9670522372779072e-18,2.7005108040132425e-14,2.778802727617922e-15
919,459.5,1.2342588343182335e-26,1.862694193192324e-18,2.5595981638503654e-14,2.7220438018817674e-15
920,460.0,1.2050428227810894e-26,1.8937423584743036e-18,2.5437236376472254e-14,2.7006941519209467e-15
921,460.5,1.176250180766583e-26,1.9597531756097883e-18,2.472943404676293e-14,2.8406310289866517e-15
922,461.0,1.1478779910806512e-26,1.900821127525078e-18,2.468705247054987e-14,2.7965431758500013e-15
923,461.5,1.1199247325225771e-26,1.939134729108761e-18,2.435729361882721e-14,2.6808777866269936e-15
924,462.0,1.0923873962744886e-26,1.9322022127727264e-18,2.454769032666669e-14,2.703808999168114e-15
925,462.5,1.0652644148640374e-26,2.0289170368256855e-18,2.7372905057993982e-14,2.5554319393582587e-15
926,463.0,1.0385527791394537e-26,2.0358037901734928e-18,2.7374754041924837e-14,2.5953702205544554e-15
927,463.5,1.012251035797723e-26,1.896005296330967e-18,2.662399243167405e-14,3.0463644387275406e-15
928,464.0,9.863565001374129e-27,1.9837297754145725e-18,2.6277086244164558e-14,3.0249962250879635e-15
929,464.5,9.608673288747967e-27,1.948004402363734e-18,2.71662524938369e-14,2.8812666489765885e-15
930,465.0,9.357814143907912e-27,1.972522093102114e-18,2.7646282779059316e-14,2.957885846123706e-15
931,465.5,9.110966741176235e-27,1.9659171024544416e-18,2.8328684483050867e-14,2.7983601479129174e-15
932,466.0,8.868110567822766e-27,1.9513314975460457e-18,2.7772449179977292e-14,2.720168946274078e-15
933,466.5,8.6292243169021e-27,2.049004761581482e-18,2.7141426244658344e-14,2.827726704692862e-15
934,467.0,8.394293052167403e-27,1.9866513484720626e-18,2.5580472356169957e-14,2.7730979904764337e-15
935,467.5,8.163294915887306e-27,1.9630566112207926e-18,2.4235704618479107e-14,2.8886538661372876e-15
936,468.0,7.936211157339174e-27,2.075622258683073e-18,2.4688881285379488e-14,2.8305607863285532e-15
937,468.5,7.713021464733816e-27,2.1498466382070508e-18,2.635802639477823e-14,2.499911791213938e-15
938,469.0,7.493710991245994e-27,1.938574946795708e-18,2.6395531716363506e-14,2.5356045560421823e-15
939,469.5,7.278261596476079e-27,2.0925783649421832e-18,2.4870442005414923e-14,2.703797881303465e-15
940,470.0,7.066652846612895e-27,1.960476806521628e-18,2.473050517096129e-14,2.8295112203574186e-15
941,470.5,6.858872600942959e-27,2.1371577961935744e-18,2.4548696588070414e-14,2.989806890576659e-15
942,471.0,6.654898320424614e-27,2.0732944816605566e-18,2.5432092445930322e-14,3.0494710419064934e-15
943,471.5,6.4547155957754435e-27,2.4380162438405897e-18,2.5912079518516154e-14,2.92261590034469e-15
944,472.0,6.258312023146575e-27,2.452094151098335e-18,2.6790643082040704e-14,2.7893647131315723e-15
945,472.5,6.065665476688761e-27,2.419160683623614e-18,2.6811280287083877e-14,2.7090215549948567e-15
946,473.0,5.876768197233252e-27,2.7036646805909157e-18,2.688618625362887e-14,2.7575008743635452e-15
947,473.5,5.691592248665457e-27,2.9952527006680584e-18,2.555608199528469e-14,2.9344769393192967e-15
948,474.0,5.5101392468847274e-27,2.736393147702949e-18,2.5174381060120407e-14,2.9553474861878362e-15
949,474.5,5.332381259436682e-27,2.2383463493495064e-18,2.5906496067773543e-14,2.758676943452145e-15
950,475.0,5.158309113500337e-27,2.3102484379630683e-18,2.676773486680654e-14,2.5909125166914196e-15
951,475.5,4.987909790503713e-27,2.097750579282649e-18,2.747782610016475e-14,2.441127319330404e-15
952,476.0,4.82116653694427e-27,2.2867304583095756e-18,2.777877688975036e-14,2.6011544491535117e-15
953,476.5,4.6580697723819846e-27,2.2568759819291577e-18,2.6834337659401244e-14,2.8823333367698345e-15
954,477.0,4.498601942612106e-27,2.3977331002654425e-18,2.5774635468488167e-14,2.8242815952147535e-15
955,477.5,4.3427543348615844e-27,2.7297401968028107e-18,2.5818344913949436e-14,2.9377317326281124e-15
956,478.0,4.190511781281151e-27,2.8073520869693215e-18,2.588426100856088e-14,2.895585532275655e-15
957,478.5,4.04186334032884e-27,4.01465839190778e-18,2.7181676981617438e-14,2.73947988776893e-15
958,479.0,3.8967955249291614e-27,3.395697778446249e-18,2.6182133200826808e-14,2.781612628746128e-15
959,479.5,3.755299156928216e-27,6.6531155925382135e-18,2.5269576598870035e-14,2.707282204910158e-15
960,480.0,3.617360742516258e-27,8.135072939800276e-18,2.431412702324614e-14,2.767166931766441e-15
961,480.5,3.4829707085247496e-27,5.10635000809427e-18,2.340221163898105e-14,2.9904912970927127e-15
962,481.0,3.352117200087528e-27,5.190571073692058e-18,2.4196676560671026e-14,2.754322915047579e-15
963,481.5,3.2247903149210935e-27,3.851336377153573e-18,2.5830299634295506e-14,2.5549299823740046e-15
964,482.0,3.100979542450452e-27,2.9158421637052172e-18,2.590056681361462e-14,2.608237047675813e-15
965,482.5,2.9806761520031325e-27,6.119691175874939e-18,2.5858791931911594e-14,2.605279211329823e-15
966,483.0,2.8638681301661922e-27,5.31483187051307e-18,2.6597847478392946e-14,2.666980308331518e-15
967,483.5,2.7505493516616538e-27,1.517875121633446e-17,2.6047018406306798e-14,2.9379483905215852e-15
968,484.0,2.6407056544587627e-27,1.3845733544033606e-17,2.7024317730452858e-14,2.9823964699745406e-15
969,484.5,2.5343359348223678e-27,1.2239430078166964e-17,2.7560805734665323e-14,2.7587810916124802e-15
970,485.0,2.4314250546409543e-27,1.9325318375329092e-17,2.7144914783028775e-14,2.7837906694872843e-15
971,485.5,2.331966354489946e-27,8.400475326286815e-18,2.7806127723499172e-14,2.740894137593734e-15
972,486.0,2.2359548840765872e-27,5.868142233428333e-18,2.8181165076784983e-14,2.8080470515965993e-15
973,486.5,2.1433796213228516e-27,1.2174466722053755e-17,2.4844886054801677e-14,3.005862363471139e-15
974,487.0,2.0542327490019683e-27,1.0588718920391128e-17,2.463663568745513e-14,2.850373342257324e-15
975,487.5,1.968512289584728e-27,7.719223844235062e-18,2.49612830593659e-14,2.7537108964529356e-15
976,488.0,1.8862048248113783e-27,6.804716377066827e-18,2.555994245675513e-14,2.7714404669315546e-15
977,488.5,1.8073081469053854e-27,2.04666677399782e-17,2.6564347124667143e-14,2.5614976504465504e-15
978,489.0,1.7318142495715122e-27,3.520712736424923e-17,2.544248482551744e-14,2.616647768670712e-15
979,489.5,1.6597184945741383e-27,5.529793703613773e-16,2.4411831428159872e-14,3.1738350219162303e-15
980,490.0,1.59101343281824e-27,1.866818772598084e-15,2.4691528234651608e-14,4.04677578088079e-15
981,490.5,1.5256938088050905e-27,7.123512321511924e-16,2.449305734436072e-14,3.4989771696982217e-15
982,491.0,1.4637560440210282e-27,1.0007942388320012e-16,2.461023157743219e-14,2.954936725536463e-15
983,491.5,1.4051940948303116e-27,3.675774570951576e-17,2.6940796867672463e-14,2.80064184017997e-15
984,492.0,1.3500025771651725e-27,2.518221938647158e-17,2.641926817612281e-14,2.7546495485978932e-15
985,492.5,1.2981784753849746e-27,2.7150850165334148e-17,2.5843609031459306e-14,2.76215132986669e-15
986,493.0,1.2497169940684752e-27,4.4405212223449164e-17,2.5103829825041967e-14,2.9621185373191867e-15
987,493.5,1.2046147654241472e-27,3.657995240776446e-17,2.5281575303523808e-14,3.0469726769934683e-15
988,494.0,1.1628670723378906e-27,5.185045971219882e-17,2.630591973003249e-14,2.8857337227524826e-15
989,494.5,1.1244724207592735e-27,7.961344044576453e-17,2.7122612322077612e-14,2.7505853250722226e-15
990,495.0,1.089424968192652e-27,8.77654524417975e-17,2.6082271615928085e-14,2.6746653999830456e-15
991,495.5,1.0577252132684704e-27,1.407501638723438e-16,2.8184651109728632e-14,2.7461191710473547e-15
992,496.0,1.0293687596353773e-27,1.006411821888945e-16,2.7865171102520282e-14,2.910799473443057e-15
993,496.5,1.004352926756572e-27,7.544162447690786e-17,2.5468408191731564e-14,2.8897710450905634e-15
994,497.0,9.826773961995915e-28,3.0818533122825086e-17,2.598738368508499e-14,2.7570851826894474e-15
995,497.5,9.64339277534294e-28,1.582461868820692e-17,2.5664777073818624e-14,2.7381228165229424e-15
996,498.0,9.493370355203387e-28,1.0360290381221607e-17,2.625926806072041e-14,2.7083971080481378e-15
997,498.5,9.376701620242668e-28,1.045636888398998e-17,2.6666385460284226e-14,2.5924710115162478e-15
998,499.0,9.293374054766618e-28,1.7392557466900702e-17,2.4549942279417642e-14,2.8324039852895282e-15
999,499.5,9.243374407782886e-28,4.316904920038448e-17,2.3749236026865537e-14,2.8952019902470044e-15
1000,500.0,4.613358497613139e-28,5.42696636374947e-17,1.2686122033414192e-14,1.4000685878207585e-15
